candidate_id,mta_date,mta_title,malware_family,malware_category,year,source_url,pcap_filename,pcap_available,pcap_size_if_documented,documented_protocol,documented_tls,documented_tls_version,documented_c2,candidate_priority,discovery_status,expected_ja4_relevance,reason_selected,reason_rejected,notes,download_status,archive_sha256,extraction_status,empirical_status,empirical_quality,rejection_reason,pcap_sha256,pcap_size_bytes,malware_label_confidence,packet_count,flow_count,tls_flow_count,tls12_present,tls13_present,clienthello_count,serverhello_count,ja3_available,ja3s_available,ja4_available,ja4_flow_count,bidirectional_flow_count
MTA-C001,2026-08-12,SmartApeSG ClickFix leads to two RATs,SmartApeSG / RAT (unspecified),RAT / ClickFix,2026,https://www.malware-traffic-analysis.net/2026/08/12/index.html,UNKNOWN,YES,UNKNOWN,HTTPS inferred from modern RAT C2,LIKELY,UNKNOWN,RAT C2 over HTTPS inferred,P1,CANDIDATE,HIGH,Recent 2026 RAT campaign; modern RAT families use HTTPS C2; family diversity from SmartApeSG delivery,,RAT family not specified on MTA page. Filename unknown. TLS not documented. Requires PCAP verification.,,,,,,,,,,,,,,,,,,,,,
MTA-C002,2026-08-10,Lumma Stealer or variant,Lumma Stealer,Stealer / Infostealer,2026,https://www.malware-traffic-analysis.net/2026/08/10/index.html,UNKNOWN,YES,UNKNOWN,HTTPS - Lumma standard C2,LIKELY,UNKNOWN,HTTPS C2,P0,CANDIDATE,HIGH,Lumma Stealer is a modern infostealer known to use HTTPS C2; most recent 2026 Lumma capture; excellent JA4 relevance expected,,Filename unknown. TLS version not documented. Requires PCAP verification.,,,,,,,,,,,,,,,,,,,,,
MTA-C003,2026-08-06,Remcos RAT (7.2.5 Pro) infection,Remcos RAT,RAT,2026,https://www.malware-traffic-analysis.net/2026/08/06/index.html,2026-08-06-example-of-Remcos-RAT-post-infection-traffic.pcap,YES,UNKNOWN,HTTPS - Remcos standard C2,LIKELY,UNKNOWN,HTTPS C2,P0,CANDIDATE,HIGH,Remcos RAT version specified (7.2.5 Pro); newer version implies modern TLS; adds well-documented RAT family to corpus,,Filename unknown. Remcos uses HTTPS for C2; version 7.2.5 Pro is recent. Requires PCAP verification.,SUCCESS,d9a1ae02f6098661b5488c830360b1f6d41967b87b66c08137209af2f07e9e63,SUCCESS,VERIFIED_NO,REJECTED,NO_CLIENTHELLO,a48aac50133d9e2094d92b64b15880a64b2b07aeaedbe1f80afdcbc122fa4b1b,534586,DOCUMENTED_SOURCE,619,5,1,NO,NO,0,0,NO,NO,NO,0,3
MTA-C004,2026-07-31,SmartApeSG ClickFix campaign pushes unidentified RAT,SmartApeSG / RAT (unidentified),RAT / ClickFix,2026,https://www.malware-traffic-analysis.net/2026/07/31/index.html,UNKNOWN,YES,UNKNOWN,HTTPS inferred,LIKELY,UNKNOWN,RAT C2,P1,CANDIDATE,MEDIUM,SmartApeSG ClickFix chain; RAT family unidentified reduces priority; temporal diversity from July 2026,,RAT not identified. Lower priority due to unknown family. Filename unknown.,,,,,,,,,,,,,,,,,,,,,
MTA-C005,2026-05-27,SmartApeSG ClickFix leads to Unidentified RAT then NetSupport RAT,SmartApeSG / NetSupport RAT,RAT / ClickFix,2026,https://www.malware-traffic-analysis.net/2026/05/27/index.html,UNKNOWN,YES,UNKNOWN,HTTPS - NetSupport standard,LIKELY,UNKNOWN,HTTPS C2,P1,CANDIDATE,HIGH,NetSupport RAT confirmed in payload; adds well-known RAT family; multi-stage chain captures loader + RAT TLS fingerprints,,Filename unknown. Requires PCAP verification.,,,,,,,,,,,,,,,,,,,,,
MTA-C006,2026-04-16,Lumma Stealer infection with Sectop RAT / ArechClient2,Lumma Stealer / SectopRAT / ArechClient2,Stealer / RAT,2026,https://www.malware-traffic-analysis.net/2026/04/16/index.html,2026-04-16-Lumma-Stealer-infection-with-Sectop-RAT.pcap,YES,UNKNOWN,HTTPS - multi-payload,LIKELY,UNKNOWN,HTTPS C2 for multiple payloads,P0,CANDIDATE,HIGH,Triple-family capture (Lumma + SectopRAT + ArechClient2); maximum JA4 fingerprint diversity per capture; high scientific value,,Filename unknown. ArechClient2 is a sophisticated C2 framework. Requires PCAP verification.,SUCCESS,54309975b6f9cde0bf5c80771cb2fe48e1c6cfe53c93a64d167d38ffc97204fb,SUCCESS,VERIFIED_YES,HIGH,,a430dc87508451dad8e70a7ed9b5d912054482d16745b4eadd93411e44dd41fc,42365230,DOCUMENTED_SOURCE,45864,258,54,YES,YES,50,50,YES,YES,YES,50,131
MTA-C007,2026-04-13,XLoader (Formbook) infection,XLoader / Formbook,Stealer / Loader,2026,https://www.malware-traffic-analysis.net/2026/04/13/index.html,UNKNOWN,YES,UNKNOWN,HTTPS - XLoader standard,LIKELY,UNKNOWN,HTTPS C2,P1,CANDIDATE,HIGH,XLoader companion to baseline PCAP-1; 2026 campaign adds temporal diversity for same family fingerprint analysis,,Filename unknown. Requires PCAP verification.,,,,,,,,,,,,,,,,,,,,,
MTA-C008,2026-03-12,SmartApeSG ClickFix pushes Remcos RAT,SmartApeSG / Remcos RAT,RAT / ClickFix,2026,https://www.malware-traffic-analysis.net/2026/03/12/index.html,UNKNOWN,YES,UNKNOWN,HTTPS - Remcos standard,LIKELY,UNKNOWN,HTTPS C2,P1,CANDIDATE,HIGH,Remcos RAT via ClickFix; different campaign from MTA-C003; adds delivery-chain diversity,,Filename unknown. Requires PCAP verification.,,,,,,,,,,,,,,,,,,,,,
MTA-C009,2026-02-02,KongTuke ClickFix activity for MintsLoader and GhostWeaver RAT,MintsLoader / GhostWeaver RAT,Loader / RAT,2026,https://www.malware-traffic-analysis.net/2026/02/02/index.html,UNKNOWN,YES,UNKNOWN,HTTPS inferred for GhostWeaver C2,LIKELY,UNKNOWN,RAT C2,P1,CANDIDATE,HIGH,GhostWeaver RAT is a lesser-documented family; KongTuke loader chain adds delivery TLS; new families add diversity,,Filename unknown. GhostWeaver RAT family documentation limited. Requires PCAP verification.,,,,,,,,,,,,,,,,,,,,,
MTA-C010,2026-01-22,SmartApeSG uses ClickFix technique to push Remcos RAT,SmartApeSG / Remcos RAT,RAT / ClickFix,2026,https://www.malware-traffic-analysis.net/2026/01/22/index.html,UNKNOWN,YES,UNKNOWN,HTTPS - Remcos standard,LIKELY,UNKNOWN,HTTPS C2,P2,CANDIDATE,MEDIUM,Third Remcos RAT entry; lower priority due to family duplication unless fingerprint variation confirmed,,Filename unknown. Accept only if cross-campaign TLS fingerprint variation confirmed empirically.,,,,,,,,,,,,,,,,,,,,,
MTA-C011,2025-12-30,Lumma Stealer infection with follow-up malware,Lumma Stealer,Stealer / Infostealer,2025,https://www.malware-traffic-analysis.net/2025/12/30/index.html,UNKNOWN,YES,UNKNOWN,HTTPS - Lumma standard,LIKELY,UNKNOWN,HTTPS C2,P0,CANDIDATE,HIGH,Recent Lumma Stealer with follow-up malware chain; multi-stage infection adds multiple TLS fingerprints,,Filename unknown. Requires PCAP verification.,,,,,,,,,,,,,,,,,,,,,
MTA-C012,2025-12-29,ClickFix activity leads to NetSupport RAT,NetSupport RAT,RAT / ClickFix,2025,https://www.malware-traffic-analysis.net/2025/12/29/index.html,UNKNOWN,YES,UNKNOWN,HTTPS - NetSupport standard,LIKELY,UNKNOWN,HTTPS C2,P1,CANDIDATE,HIGH,NetSupport RAT via ClickFix; well-documented modern RAT; adds RAT class diversity to corpus,,Filename unknown. Requires PCAP verification.,,,,,,,,,,,,,,,,,,,,,
MTA-C013,2025-12-22,StealC from files impersonating cracked versions of popular software,StealC v2,Stealer / Infostealer,2025,https://www.malware-traffic-analysis.net/2025/12/22/index.html,UNKNOWN,YES,UNKNOWN,HTTPS - StealC v2 C2,LIKELY,UNKNOWN,HTTPS C2,P0,CANDIDATE,HIGH,StealC v2 is a documented modern infostealer with HTTPS C2; software crack delivery common; high relevance,,Filename unknown. Requires PCAP verification.,,,,,,,,,,,,,,,,,,,,,
MTA-C014,2025-12-23,MacSync Stealer infection,MacSync Stealer,Stealer / macOS,2025,https://www.malware-traffic-analysis.net/2025/12/23/index.html,UNKNOWN,YES,UNKNOWN,HTTPS expected for macOS stealer,POSSIBLE,UNKNOWN,HTTPS C2 assumed,P2,CANDIDATE,MEDIUM,MacSync is a macOS stealer; macOS TLS stacks produce distinct fingerprints; adds OS diversity,,Uncertain TLS relevance. macOS vs Windows capture environments differ. Verify target OS and TLS properties before inclusion.,,,,,,,,,,,,,,,,,,,,,
MTA-C015,2025-11-19,XWorm infection from email attachment,XWorm,RAT / Loader,2025,https://www.malware-traffic-analysis.net/2025/11/19/index.html,2025-11-19-Xworm-infection-traffic.pcap,YES,UNKNOWN,TLS - XWorm uses TLS encrypted C2,LIKELY,UNKNOWN,Encrypted C2 channel,P0,CANDIDATE,HIGH,XWorm is in DS-008 verified baseline; additional 2025 campaign from different date/delivery adds temporal diversity,,XWorm confirmed. Email attachment delivery differs from baseline. Filename unknown. Requires PCAP verification.,SUCCESS,48e0fbadbfa205572fdef8ff7f02d42912d81ad1362a973907bea157a980459a,SUCCESS,VERIFIED_YES,MEDIUM,,c63d9260c5d93b98c51b353f4f6059c52b756ab648cc27c814d3aede41142d23,4198726,DOCUMENTED_SOURCE,4645,9,3,YES,YES,2,2,YES,YES,YES,2,5
MTA-C016,2025-10-08,Infection from Kongtuke campaign ClickFix page,KongTuke / Unknown payload,Loader / ClickFix,2025,https://www.malware-traffic-analysis.net/2025/10/08/index.html,UNKNOWN,YES,UNKNOWN,HTTPS inferred,LIKELY,UNKNOWN,C2 via HTTPS,P2,CANDIDATE,MEDIUM,KongTuke ClickFix loader; payload not specified; lower priority without confirmed malware family,,Payload family unspecified in search results. Requires PCAP verification.,,,,,,,,,,,,,,,,,,,,,
MTA-C017,2025-10-01,Possible Rhadamanthys disguised as cracked version of popular software,Rhadamanthys,Stealer / Infostealer,2025,https://www.malware-traffic-analysis.net/2025/10/01/index.html,UNKNOWN,YES,UNKNOWN,HTTPS - Rhadamanthys standard,LIKELY,UNKNOWN,HTTPS C2,P1,CANDIDATE,HIGH,Rhadamanthys is a sophisticated infostealer with HTTPS C2 using gRPC/HTTPS; adds new stealer family; note 'possible' qualifier,,MTA notes 'possible' Rhadamanthys - identity not confirmed. Verify empirically. Filename unknown.,,,,,,,,,,,,,,,,,,,,,
MTA-C018,2025-09-24,Lumma Stealer infection with follow-up malware possible Ghostsocks/Go Backdoor,Lumma Stealer / Ghostsocks,Stealer / Backdoor,2025,https://www.malware-traffic-analysis.net/2025/09/24/index.html,2025-09-24-traffic-from-running-Setup.exe.pcap,YES,UNKNOWN,HTTPS - multi-family,LIKELY,UNKNOWN,HTTPS C2 for Lumma; Go-based C2 for backdoor,P0,CANDIDATE,HIGH,Ghostsocks/Go backdoor produces distinctive TLS fingerprints due to Go crypto/tls stack; exceptional JA4 diversity,,Ghostsocks confirmed as Go-based. Go TLS stacks produce distinctive fingerprints distinct from OpenSSL/Schannel. Filename unknown.,SUCCESS,fe6422949c8c3580ffbb762799a93a784a06748c66d0531279b97e3794eed722,SUCCESS,VERIFIED_YES,HIGH,,805fc5b533f990ae63beeacdee52b656bfddfd21145089dfbb54a82c6ea17aba,17405634,DOCUMENTED_SOURCE,16517,20,9,NO,YES,8,8,YES,YES,YES,8,11
MTA-C019,2025-09-05,XLoader (Formbook) infection,XLoader / Formbook,Stealer / Loader,2025,https://www.malware-traffic-analysis.net/2025/09/05/index.html,UNKNOWN,YES,UNKNOWN,HTTPS - XLoader standard,LIKELY,UNKNOWN,HTTPS C2,P1,CANDIDATE,HIGH,XLoader in September 2025; adds temporal diversity within XLoader family across 2024-2025,,Filename unknown. Requires PCAP verification.,,,,,,,,,,,,,,,,,,,,,
MTA-C020,2025-09-03,Kongtuke CAPTCHA page ClickFix script leads to Lumma Stealer,Lumma Stealer / KongTuke,Stealer / ClickFix,2025,https://www.malware-traffic-analysis.net/2025/09/03/index.html,UNKNOWN,YES,UNKNOWN,HTTPS expected,LIKELY,UNKNOWN,HTTPS C2,P1,CANDIDATE,HIGH,KongTuke delivery chain documented; adds campaign-level diversity even within Lumma family,,Filename unknown. Requires PCAP verification.,,,,,,,,,,,,,,,,,,,,,
MTA-C021,2025-08-20,SmartApeSG CAPTCHA page ClickFix script leads to NetSupport RAT then StealC v2,SmartApeSG / NetSupport RAT / StealC v2,RAT / Stealer / ClickFix,2025,https://www.malware-traffic-analysis.net/2025/08/20/index.html,2025-08-20-SmartAgeSG-Netsupport-RAT-with-StealCv2.pcap,YES,UNKNOWN,HTTPS - multi-stage,LIKELY,UNKNOWN,HTTPS for all stages,P0,CANDIDATE,HIGH,Three-stage capture (SmartApeSG + NetSupport RAT + StealC v2); multiple TLS fingerprints per capture; high diversity value,,Triple-family infection. NetSupport + StealC v2 in same capture. Filename unknown.,SUCCESS,5e74ce87996abd1237f242e6b551fdf0a20e07003a58d077e6ae25ab1c257f5d,SUCCESS,VERIFIED_YES,HIGH,,24de7b31a2248763c4fd3e92acfc6b6fa9462b129c7b4ff8024932407ebeae4b,68385338,DOCUMENTED_SOURCE,61609,27,7,YES,NO,6,7,YES,YES,YES,6,15
MTA-C022,2025-08-15,Lumma Stealer infection with SectopRAT,Lumma Stealer / SectopRAT,Stealer / RAT,2025,https://www.malware-traffic-analysis.net/2025/08/15/index.html,2025-08-15-Lumma-Stealer-infection-with-Sectop-RAT.pcap,YES,UNKNOWN,HTTPS - dual payload,LIKELY,UNKNOWN,HTTPS C2 for both,P0,CANDIDATE,HIGH,Dual-payload Lumma + SectopRAT; SectopRAT adds distinct TLS fingerprint profile; high diversity per capture,,Filename unknown. Requires PCAP verification.,SUCCESS,f75dbae7903aef96f6069f59cbe87ae3e9da1f0a38033bdd566d0da519222060,SUCCESS,VERIFIED_YES,HIGH,,903844e8c40fde617c3636a69ba902a668d740e67c79d9624998b4ab6df09ccd,23163559,DOCUMENTED_SOURCE,21579,423,11,NO,YES,10,11,YES,YES,YES,10,162
MTA-C023,2025-08-13,Lumma Stealer infection,Lumma Stealer,Stealer / Infostealer,2025,https://www.malware-traffic-analysis.net/2025/08/13/index.html,UNKNOWN,YES,UNKNOWN,HTTPS - Lumma standard,LIKELY,UNKNOWN,HTTPS C2,P1,CANDIDATE,HIGH,Standalone Lumma Stealer from Aug 2025; temporal diversity,,Filename unknown. Requires PCAP verification.,,,,,,,,,,,,,,,,,,,,,
MTA-C024,2025-08-11,XLoader (Formbook) infection,XLoader / Formbook,Stealer / Loader,2025,https://www.malware-traffic-analysis.net/2025/08/11/index.html,UNKNOWN,YES,UNKNOWN,HTTPS - XLoader standard,LIKELY,UNKNOWN,HTTPS C2,P1,CANDIDATE,MEDIUM,Additional XLoader from Aug 2025; lower priority due to family coverage across multiple entries,,Filename unknown. Accept conditional on fingerprint diversity analysis.,,,,,,,,,,,,,,,,,,,,,
MTA-C025,2025-07-15,Lumma Stealer infection with SecTop RAT,Lumma Stealer / SectopRAT,Stealer / RAT,2025,https://www.malware-traffic-analysis.net/2025/07/15/index.html,UNKNOWN,YES,UNKNOWN,HTTPS - dual payload,LIKELY,UNKNOWN,HTTPS C2 for both,P1,CANDIDATE,HIGH,Lumma + SectopRAT from July 2025; companion to MTA-C022 from August,,Filename unknown. Requires PCAP verification.,,,,,,,,,,,,,,,,,,,,,
MTA-C026,2025-07-08,Koi Loader / Koi Stealer infection,Koi Loader / Koi Stealer,Loader / Stealer,2025,https://www.malware-traffic-analysis.net/2025/07/08/index.html,UNKNOWN,YES,UNKNOWN,HTTPS expected for modern loader/stealer,LIKELY,UNKNOWN,HTTPS C2,P1,CANDIDATE,HIGH,Koi Loader/Stealer is a less-documented family; adds diversity beyond common families; new class to corpus,,Filename unknown. Requires PCAP verification.,,,,,,,,,,,,,,,,,,,,,
MTA-C027,2025-07-02,Lumma Stealer infection with follow-up Rsockstun malware,Lumma Stealer / Rsockstun,Stealer / Proxy,2025,https://www.malware-traffic-analysis.net/2025/07/02/index.html,UNKNOWN,YES,UNKNOWN,HTTPS + SOCKS tunnel,LIKELY,UNKNOWN,HTTPS C2 and tunnel,P1,CANDIDATE,HIGH,Rsockstun SOCKS-over-TLS proxy adds tunnel fingerprint diversity distinct from C2 fingerprints,,Filename unknown. Requires PCAP verification.,,,,,,,,,,,,,,,,,,,,,
MTA-C028,2025-06-26,Lumma Stealer infection with follow-up Rsockstun malware,Lumma Stealer / Rsockstun,Stealer / Proxy,2025,https://www.malware-traffic-analysis.net/2025/06/26/index.html,UNKNOWN,YES,UNKNOWN,HTTPS + SOCKS tunnel,LIKELY,UNKNOWN,HTTPS C2 and tunnel,P2,CANDIDATE,MEDIUM,Earlier Rsockstun campaign; lower priority due to family duplication with MTA-C027,,Filename unknown. Evaluate together with MTA-C027.,,,,,,,,,,,,,,,,,,,,,
MTA-C029,2025-06-18,SmartApeSG to ClickFix lure to NetSupport RAT to StealC v2,SmartApeSG / NetSupport RAT / StealC v2,RAT / Stealer,2025,https://www.malware-traffic-analysis.net/2025/06/18/index.html,UNKNOWN,YES,UNKNOWN,HTTPS - multi-stage,LIKELY,UNKNOWN,HTTPS for all stages,P0,CANDIDATE,HIGH,NetSupport RAT + StealC v2 dual payload capture; strong diversity value,,Filename unknown. Requires PCAP verification.,,,,,,,,,,,,,,,,,,,,,
MTA-C030,2025-05-12,PureLogs infection from email attachment,PureLogs,Stealer / Infostealer,2025,https://www.malware-traffic-analysis.net/2025/05/12/index.html,UNKNOWN,YES,UNKNOWN,HTTPS expected for stealer C2,LIKELY,UNKNOWN,HTTPS C2,P1,CANDIDATE,MEDIUM,PureLogs is a lesser-documented stealer; adds stealer class diversity; email delivery differs from ClickFix campaigns,,Filename unknown. Requires PCAP verification.,,,,,,,,,,,,,,,,,,,,,
MTA-C031,2025-04-04,KongTuke activity leading to possible AsyncRAT,AsyncRAT / KongTuke,RAT / Loader,2025,https://www.malware-traffic-analysis.net/2025/04/04/index.html,UNKNOWN,YES,UNKNOWN,TLS - AsyncRAT uses TLS C2,LIKELY,UNKNOWN,TLS encrypted C2,P0,CANDIDATE,HIGH,AsyncRAT in 2025 companion to existing DS-008 baseline; temporal diversity across 2024-2025 for same family; MTA notes 'possible' qualifier,,MTA notes 'possible' AsyncRAT. Identity must be confirmed via PCAP analysis. Filename unknown.,,,,,,,,,,,,,,,,,,,,,
MTA-C032,2025-03-26,SmartApeSG traffic for fake browser update leads to NetSupport RAT and StealC,SmartApeSG / NetSupport RAT / StealC,RAT / Stealer,2025,https://www.malware-traffic-analysis.net/2025/03/26/index.html,UNKNOWN,YES,UNKNOWN,HTTPS - multi-stage,LIKELY,UNKNOWN,HTTPS for all stages,P1,CANDIDATE,HIGH,Fake browser update chain; NetSupport RAT + StealC dual payload; delivery diversity,,Filename unknown. Requires PCAP verification.,,,,,,,,,,,,,,,,,,,,,
MTA-C033,2025-03-10,Remcos RAT infection,Remcos RAT,RAT,2025,https://www.malware-traffic-analysis.net/2025/03/10/index.html,UNKNOWN,YES,UNKNOWN,HTTPS - Remcos standard,LIKELY,UNKNOWN,HTTPS C2,P1,CANDIDATE,HIGH,Remcos RAT standalone capture from March 2025; adds well-known RAT family to corpus,,Filename unknown. Requires PCAP verification.,,,,,,,,,,,,,,,,,,,,,
MTA-C034,2025-02-18,SmartApeSG script for fake browser update leading to NetSupport RAT and StealC,SmartApeSG / NetSupport RAT / StealC,RAT / Stealer,2025,https://www.malware-traffic-analysis.net/2025/02/18/index.html,UNKNOWN,YES,UNKNOWN,HTTPS - multi-stage,LIKELY,UNKNOWN,HTTPS for all stages,P1,CANDIDATE,HIGH,Early 2025 NetSupport RAT + StealC capture; temporal companion to March/June 2025 campaigns,,Filename unknown. Requires PCAP verification.,,,,,,,,,,,,,,,,,,,,,
MTA-C035,2025-02-13,Quick post ClickFix style infection for Lumma Stealer,Lumma Stealer,Stealer / ClickFix,2025,https://www.malware-traffic-analysis.net/2025/02/13/index.html,UNKNOWN,YES,UNKNOWN,HTTPS - Lumma standard,LIKELY,UNKNOWN,HTTPS C2,P1,CANDIDATE,HIGH,ClickFix Lumma campaign from early 2025; temporal diversity from first half of year,,Filename unknown. Requires PCAP verification.,,,,,,,,,,,,,,,,,,,,,
MTA-C036,2025-02-10,StrelaStealer infection,StrelaStealer,Stealer / Infostealer,2025,https://www.malware-traffic-analysis.net/2025/02/10/index.html,UNKNOWN,YES,UNKNOWN,HTTPS expected,LIKELY,UNKNOWN,HTTPS C2,P1,CANDIDATE,MEDIUM,StrelaStealer is a distinct infostealer family; adds stealer class diversity beyond Lumma/StealC/XLoader,,Filename unknown. Requires PCAP verification.,,,,,,,,,,,,,,,,,,,,,
MTA-C037,2025-01-30,XLoader infection traffic,XLoader / Formbook,Stealer / Loader,2025,https://www.malware-traffic-analysis.net/2025/01/30/index.html,2025-01-30-XLoader-infection-traffic.pcap,YES,UNKNOWN,HTTPS - XLoader standard,LIKELY,UNKNOWN,HTTPS C2,P0,ALREADY_VERIFIED,HIGH,ALREADY VERIFIED in DS-008 Phase 6 baseline as PCAP-1,,This is DS-008 PCAP-1 already in the verified corpus. Listed for registry completeness.,,,,,,,,,,,,,,,,,,,,,
MTA-C038,2024-09-19,File downloader to Lumma Stealer,Lumma Stealer,Stealer / Infostealer,2024,https://www.malware-traffic-analysis.net/2024/09/19/index.html,UNKNOWN,YES,UNKNOWN,HTTPS - Lumma standard,LIKELY,UNKNOWN,HTTPS C2,P1,CANDIDATE,HIGH,Lumma Stealer from September 2024; file downloader delivery mechanism adds diversity,,Filename unknown. Requires PCAP verification.,,,,,,,,,,,,,,,,,,,,,
MTA-C039,2024-09-11,Data Dump Remcos RAT and XLoader Formbook,Remcos RAT / XLoader,RAT / Stealer,2024,https://www.malware-traffic-analysis.net/2024/09/11/index.html,2024-09-11-Remcos-RAT-infection-traffic.pcap,YES,UNKNOWN,HTTPS - both families use HTTPS C2,LIKELY,UNKNOWN,HTTPS C2 for both,P0,CANDIDATE,HIGH,Dual-family capture; Remcos RAT adds new family; XLoader provides continuity with baseline; data dump may include multiple PCAPs,,Filename unknown. Data dump may contain multiple PCAP files. Requires PCAP verification.,SUCCESS,4f3133298d08eca9bd430aeaee984f4efbdc40516af13c6d5a81cd2b5b1b9ab0,SUCCESS,VERIFIED_YES,MEDIUM,,3568f8710ce89eecb3639a3370f8c7bdd1f79b8dbcd61f56fdfa4d12a9ea02f4,11459,DOCUMENTED_SOURCE,80,6,1,NO,YES,1,1,YES,YES,YES,1,4
MTA-C040,2024-08-26,GuLoader for Remcos RAT,GuLoader / Remcos RAT,Loader / RAT,2024,https://www.malware-traffic-analysis.net/2024/08/26/index.html,2024-08-26-GuLoader-for-Remcos-RAT.pcap,YES,UNKNOWN,HTTPS - GuLoader delivery + RAT C2,LIKELY,UNKNOWN,HTTPS for payload delivery and RAT C2,P0,CANDIDATE,HIGH,GuLoader delivery chain + Remcos RAT C2; multi-stage infection captures distinct TLS fingerprints from loader and RAT,,GuLoader uses shellcode-based HTTPS delivery with distinctive SSL/TLS fingerprints. Filename unknown.,SUCCESS,5bfd0496ca8801f9d513d8cf0aa1225d3e4e0da1e2059cef9dacd9fb948f4c39,SUCCESS,VERIFIED_YES,MEDIUM,,47b1cc4c0148245878a1a2f2eadb37323d80d20a5dbc196b872b3780b8108095,1670896,DOCUMENTED_SOURCE,1620,16,3,YES,YES,2,2,YES,YES,YES,2,9
MTA-C041,2024-06-24,ClickFix popup leads to Lumma Stealer,Lumma Stealer,Stealer / ClickFix,2024,https://www.malware-traffic-analysis.net/2024/06/24/index.html,UNKNOWN,YES,UNKNOWN,HTTPS - Lumma standard,LIKELY,UNKNOWN,HTTPS C2,P1,CANDIDATE,HIGH,Early ClickFix-delivered Lumma Stealer; 2024 capture provides cross-year temporal baseline,,Filename unknown. Requires PCAP verification.,,,,,,,,,,,,,,,,,,,,,
MTA-C042,2024-06-25,Latrodectus infection with BackConnect and Keyhole VNC,Latrodectus / BackConnect,Loader / RAT,2024,https://www.malware-traffic-analysis.net/2024/06/25/index.html,UNKNOWN,YES,UNKNOWN,HTTPS - Latrodectus standard,LIKELY,UNKNOWN,HTTPS C2 + VNC tunnel,P1,CANDIDATE,HIGH,Latrodectus loader with BackConnect C2; sophisticated multi-channel C2 adds tunnel TLS diversity,,Filename unknown. BackConnect and Keyhole VNC use distinct TLS profiles. Requires PCAP verification.,,,,,,,,,,,,,,,,,,,,,
MTA-C043,2024-04-18,Word macro leads to SSLoad then Cobalt Strike,SSLoad / Cobalt Strike,Loader / C2 Framework,2024,https://www.malware-traffic-analysis.net/2024/04/18/index.html,UNKNOWN,YES,UNKNOWN,HTTPS - Cobalt Strike standard HTTPS Beacon,LIKELY,TLS 1.2 inferred for Cobalt Strike Beacon,HTTPS Beacon C2,P1,CANDIDATE,HIGH,Cobalt Strike Beacon uses distinctive HTTPS C2 with well-studied TLS fingerprints; adds red-team tool class to corpus,,Filename unknown. Cobalt Strike TLS fingerprints well-studied and should produce strong JA3/JA4 signals.,,,,,,,,,,,,,,,,,,,,,
MTA-C044,2024-03-07,Latrodectus infection leads to Lumma Stealer,Latrodectus / Lumma Stealer,Loader / Stealer,2024,https://www.malware-traffic-analysis.net/2024/03/07/index.html,UNKNOWN,YES,UNKNOWN,HTTPS - multi-stage,LIKELY,UNKNOWN,HTTPS C2 for both,P1,CANDIDATE,HIGH,Latrodectus loader + Lumma Stealer dual payload; Latrodectus adds new loader class,,Filename unknown. Requires PCAP verification.,,,,,,,,,,,,,,,,,,,,,
MTA-C045,2024-03-06,Pikabot infection leads to Meduza Stealer,Pikabot / Meduza Stealer,Loader / Stealer,2024,https://www.malware-traffic-analysis.net/2024/03/06/index.html,2024-03-06-traffic-from-Piakbot-infection-with-Meduza-Stealer.pcap,YES,UNKNOWN,HTTPS - Pikabot uses HTTPS C2,LIKELY,UNKNOWN,HTTPS C2,P0,CANDIDATE,HIGH,Pikabot is a sophisticated loader with HTTPS C2; emerged as Qakbot replacement in 2023-2024; Meduza Stealer adds stealer diversity,,Filename unknown. Requires PCAP verification.,SUCCESS,cc40a9268aca8bd7a1215eab3ee82c1cc5a19adb39cb29e76a553e83869f9e25,SUCCESS,VERIFIED_YES,HIGH,,f1bfadc000a21dae71a1d1d71613b169a6e01bedb7d9829822d111987ed4caeb,1775002,DOCUMENTED_SOURCE,2652,214,51,YES,NO,51,51,YES,YES,YES,51,79
MTA-C046,2024-03-14,AsyncRAT and XWorm infection traffic,AsyncRAT / XWorm,RAT,2024,https://www.malware-traffic-analysis.net/2024/03/14/index.html,2024-03-14-AsyncRAT-and-XWorm-infection-traffic.pcap,YES,UNKNOWN,TLS - both use encrypted C2,YES,UNKNOWN,Encrypted C2 channels,P0,ALREADY_VERIFIED,HIGH,ALREADY VERIFIED in DS-008 Phase 6 baseline as PCAP-2,,DS-008 PCAP-2 already in verified corpus. Listed for registry completeness.,,,,,,,,,,,,,,,,,,,,,
MTA-C047,2024-02-21,Parrot TDS leads to SocGholish leads to AsyncRAT infection,SocGholish / AsyncRAT,Loader / RAT,2024,https://www.malware-traffic-analysis.net/2024/02/21/index.html,UNKNOWN,YES,UNKNOWN,HTTPS - SocGholish + AsyncRAT,LIKELY,UNKNOWN,HTTPS for both stages,P1,CANDIDATE,HIGH,SocGholish uses HTTPS redirect chains; AsyncRAT TLS C2; multi-stage delivery with distinct fingerprints,,Filename unknown. Requires PCAP verification.,,,,,,,,,,,,,,,,,,,,,
MTA-C048,2024-02-08,TA577 Pikabot infection,Pikabot,Loader,2024,https://www.malware-traffic-analysis.net/2024/02/08/index.html,UNKNOWN,YES,UNKNOWN,HTTPS - Pikabot standard,LIKELY,UNKNOWN,HTTPS C2,P1,CANDIDATE,HIGH,TA577 Pikabot standalone capture; complement to MTA-C045 which includes Meduza Stealer payload,,Filename unknown. Requires PCAP verification.,,,,,,,,,,,,,,,,,,,,,
MTA-C049,2024-01-30,DarkGate activity,DarkGate,Loader / Backdoor,2024,https://www.malware-traffic-analysis.net/2024/01/30/index.html,2024-01-30-DarkGate-infection-traffic.pcap,YES,UNKNOWN,HTTPS - DarkGate standard,LIKELY,UNKNOWN,HTTPS C2,P0,CANDIDATE,HIGH,DarkGate is a sophisticated loader/backdoor using HTTPS C2; adds completely new family to corpus; high scientific value,,Filename unknown. Requires PCAP verification.,SUCCESS,37431dfcc6d8a0216276f1aed17dd7e8bc4ce338a3237e724655ecc576c70a03,SUCCESS,VERIFIED_YES,MEDIUM,,5f74ed42f609284180f70d104dacdb82cde86dda86020994464b416cd1bbb17f,2356569,DOCUMENTED_SOURCE,2870,122,4,NO,YES,3,3,YES,YES,YES,3,44
MTA-C050,2024-01-25,DarkGate activity,DarkGate,Loader / Backdoor,2024,https://www.malware-traffic-analysis.net/2024/01/25/index.html,UNKNOWN,YES,UNKNOWN,UNKNOWN,LIKELY,UNKNOWN,HTTPS C2,P2,CANDIDATE,HIGH,Second DarkGate entry from same month; lower priority unless fingerprint diversity confirmed vs MTA-C049,,Filename unknown. Evaluate together with MTA-C049.,,,,,,,,,,,,,,,,,,,,,
MTA-C051,2024-01-12,Malspam distributing StealC malware,StealC,Stealer / Infostealer,2024,https://www.malware-traffic-analysis.net/2024/01/12/index.html,UNKNOWN,YES,UNKNOWN,HTTPS - StealC standard,LIKELY,UNKNOWN,HTTPS C2,P1,CANDIDATE,HIGH,Earlier StealC capture from 2024; complement to 2025 StealC entries for temporal analysis,,Filename unknown. Requires PCAP verification.,,,,,,,,,,,,,,,,,,,,,
MTA-C052,2024-01-09,AsyncRAT infection,AsyncRAT,RAT,2024,https://www.malware-traffic-analysis.net/2024/01/09/index.html,UNKNOWN,YES,UNKNOWN,TLS - AsyncRAT standard,LIKELY,UNKNOWN,TLS encrypted C2,P1,CANDIDATE,HIGH,AsyncRAT standalone from January 2024; pre-baseline companion for temporal fingerprint analysis,,Filename unknown. Requires PCAP verification.,,,,,,,,,,,,,,,,,,,,,
MTA-C053,2024-10-23,Redline Stealer infection,RedLine Stealer,Stealer / Infostealer,2024,https://www.malware-traffic-analysis.net/2024/10/23/index.html,UNKNOWN,YES,UNKNOWN,HTTPS or TCP - protocol uncertain,POSSIBLE,UNKNOWN,Mixed C2 protocol,P2,LEGACY_CANDIDATE,LOW,RedLine historically used TCP C2 but evolved to HTTPS in some variants; 2024 capture may clarify current protocol,,RedLine C2 protocol evolution must be verified before inclusion. Filename unknown.,,,,,,,,,,,,,,,,,,,,,
MTA-C054,2023-01-01,IcedID infection via Google Ads,IcedID (Bokbot),Loader / Banker,2023,https://www.malware-traffic-analysis.net/2023/index.html,UNKNOWN,MAYBE,UNKNOWN,HTTPS - IcedID standard,LIKELY,TLS 1.2/1.3 inferred,HTTPS C2,P1,CANDIDATE,HIGH,IcedID uses HTTPS C2 with modern TLS; Google Ads delivery common 2023; new family class,,Exact date unknown. Multiple IcedID entries in 2023. Filename unknown. Full 2023 index scan required.,,,,,,,,,,,,,,,,,,,,,
MTA-C055,2023-01-01,Qakbot infection with Cobalt Strike,Qakbot / Cobalt Strike,Loader / C2 Framework,2023,https://www.malware-traffic-analysis.net/2023/index.html,UNKNOWN,MAYBE,UNKNOWN,HTTPS - Cobalt Strike Beacon,LIKELY,TLS 1.2 inferred,HTTPS Beacon C2,P2,LEGACY_CANDIDATE,MEDIUM,Qakbot infrastructure taken down late 2023; captures are legacy but Cobalt Strike TLS fingerprints remain valuable,,Exact date unknown. Qakbot post-takedown captures less relevant. Filename unknown.,,,,,,,,,,,,,,,,,,,,,
