precision,recall,f1,balanced_accuracy,pr_auc,roc_auc,confusion_matrix,experiment,model,fold,train_samples,test_samples
1.0,1.0,1.0,1.0,1.0,1.0,"[[2, 0], [0, 429]]",A_flow,LogisticRegression,1,2118,431
1.0,1.0,1.0,1.0,1.0,,[[499]],A_flow,LogisticRegression,2,2050,499
1.0,1.0,1.0,1.0,1.0,1.0,"[[2, 0], [0, 424]]",A_flow,LogisticRegression,3,2123,426
1.0,1.0,1.0,1.0,0.9999999999999999,1.0,"[[2, 0], [0, 526]]",A_flow,LogisticRegression,4,2021,528
1.0,1.0,1.0,1.0,1.0,1.0,"[[2, 0], [0, 361]]",A_flow,LogisticRegression,5,2186,363
0.9976744186046511,1.0,0.9988358556461001,0.75,1.0,1.0,"[[1, 1], [0, 429]]",A_flow,RandomForest,1,2118,431
1.0,1.0,1.0,1.0,1.0,,[[499]],A_flow,RandomForest,2,2050,499
0.9976470588235294,1.0,0.9988221436984688,0.75,1.0,1.0,"[[1, 1], [0, 424]]",A_flow,RandomForest,3,2123,426
1.0,1.0,1.0,1.0,1.0,1.0,"[[2, 0], [0, 526]]",A_flow,RandomForest,4,2021,528
1.0,1.0,1.0,1.0,1.0,1.0,"[[2, 0], [0, 361]]",A_flow,RandomForest,5,2186,363
0.9976744186046511,1.0,0.9988358556461001,0.75,1.0,1.0,"[[1, 1], [0, 429]]",A_flow,XGBoost,1,2118,431
1.0,1.0,1.0,1.0,1.0,,[[499]],A_flow,XGBoost,2,2050,499
0.9976470588235294,1.0,0.9988221436984688,0.75,1.0000000000000002,1.0,"[[1, 1], [0, 424]]",A_flow,XGBoost,3,2123,426
1.0,1.0,1.0,1.0,0.9999999999999999,1.0,"[[2, 0], [0, 526]]",A_flow,XGBoost,4,2021,528
0.9972375690607734,1.0,0.9986168741355463,0.75,0.9999999999999998,1.0,"[[1, 1], [0, 361]]",A_flow,XGBoost,5,2186,363
0.95,1.0,0.9743589743589743,0.5,0.9967105263157895,0.9342105263157895,"[[0, 2], [0, 38]]",B_ja3,LogisticRegression,1,160,40
0.975,1.0,0.9873417721518988,0.5,0.9983974358974359,0.9358974358974359,"[[0, 1], [0, 39]]",B_ja3,LogisticRegression,2,160,40
0.95,1.0,0.9743589743589743,0.5,0.9953947368421052,0.9078947368421053,"[[0, 2], [0, 38]]",B_ja3,LogisticRegression,3,160,40
0.95,1.0,0.9743589743589743,0.5,0.9953947368421052,0.9078947368421053,"[[0, 2], [0, 38]]",B_ja3,LogisticRegression,4,160,40
1.0,1.0,1.0,1.0,1.0,,[[40]],B_ja3,LogisticRegression,5,160,40
0.95,1.0,0.9743589743589743,0.5,0.9967105263157895,0.9342105263157895,"[[0, 2], [0, 38]]",B_ja3,RandomForest,1,160,40
0.975,1.0,0.9873417721518988,0.5,0.9980769230769231,0.9230769230769231,"[[0, 1], [0, 39]]",B_ja3,RandomForest,2,160,40
0.95,1.0,0.9743589743589743,0.5,0.9953947368421052,0.9078947368421053,"[[0, 2], [0, 38]]",B_ja3,RandomForest,3,160,40
0.95,1.0,0.9743589743589743,0.5,0.975,0.5,"[[0, 2], [0, 38]]",B_ja3,RandomForest,4,160,40
1.0,1.0,1.0,1.0,1.0,,[[40]],B_ja3,RandomForest,5,160,40
0.95,1.0,0.9743589743589743,0.5,0.975,0.5,"[[0, 2], [0, 38]]",B_ja3,XGBoost,1,160,40
0.975,1.0,0.9873417721518988,0.5,0.9875,0.5,"[[0, 1], [0, 39]]",B_ja3,XGBoost,2,160,40
0.95,1.0,0.9743589743589743,0.5,0.975,0.5,"[[0, 2], [0, 38]]",B_ja3,XGBoost,3,160,40
0.95,1.0,0.9743589743589743,0.5,0.975,0.5,"[[0, 2], [0, 38]]",B_ja3,XGBoost,4,160,40
1.0,1.0,1.0,1.0,1.0,,[[40]],B_ja3,XGBoost,5,160,40
0.95,1.0,0.9743589743589743,0.5,0.9980263157894737,0.9605263157894737,"[[0, 2], [0, 38]]",C_ja4,LogisticRegression,1,160,40
0.975,1.0,0.9873417721518988,0.5,0.9987179487179487,0.9487179487179487,"[[0, 1], [0, 39]]",C_ja4,LogisticRegression,2,160,40
0.95,1.0,0.9743589743589743,0.5,0.9973684210526316,0.9473684210526316,"[[0, 2], [0, 38]]",C_ja4,LogisticRegression,3,160,40
0.95,1.0,0.9743589743589743,0.5,0.9967105263157896,0.9342105263157895,"[[0, 2], [0, 38]]",C_ja4,LogisticRegression,4,160,40
1.0,1.0,1.0,1.0,1.0,,[[40]],C_ja4,LogisticRegression,5,160,40
0.95,1.0,0.9743589743589743,0.5,0.9980263157894737,0.9605263157894737,"[[0, 2], [0, 38]]",C_ja4,RandomForest,1,160,40
0.975,1.0,0.9873417721518988,0.5,0.9987179487179487,0.9487179487179487,"[[0, 1], [0, 39]]",C_ja4,RandomForest,2,160,40
0.95,1.0,0.9743589743589743,0.5,0.9973684210526316,0.9473684210526316,"[[0, 2], [0, 38]]",C_ja4,RandomForest,3,160,40
0.95,1.0,0.9743589743589743,0.5,0.9967105263157895,0.9342105263157895,"[[0, 2], [0, 38]]",C_ja4,RandomForest,4,160,40
1.0,1.0,1.0,1.0,1.0,,[[40]],C_ja4,RandomForest,5,160,40
0.95,1.0,0.9743589743589743,0.5,0.975,0.5,"[[0, 2], [0, 38]]",C_ja4,XGBoost,1,160,40
0.975,1.0,0.9873417721518988,0.5,0.9875,0.5,"[[0, 1], [0, 39]]",C_ja4,XGBoost,2,160,40
0.95,1.0,0.9743589743589743,0.5,0.975,0.5,"[[0, 2], [0, 38]]",C_ja4,XGBoost,3,160,40
0.95,1.0,0.9743589743589743,0.5,0.975,0.5,"[[0, 2], [0, 38]]",C_ja4,XGBoost,4,160,40
1.0,1.0,1.0,1.0,1.0,,[[40]],C_ja4,XGBoost,5,160,40
1.0,1.0,1.0,1.0,1.0,1.0,"[[2, 0], [0, 38]]",D_ja3_flow,LogisticRegression,1,160,40
1.0,1.0,1.0,1.0,1.0,1.0,"[[1, 0], [0, 39]]",D_ja3_flow,LogisticRegression,2,160,40
0.9743589743589743,1.0,0.987012987012987,0.75,1.0,1.0,"[[1, 1], [0, 38]]",D_ja3_flow,LogisticRegression,3,160,40
1.0,1.0,1.0,1.0,1.0,1.0,"[[2, 0], [0, 38]]",D_ja3_flow,LogisticRegression,4,160,40
1.0,1.0,1.0,1.0,1.0,,[[40]],D_ja3_flow,LogisticRegression,5,160,40
1.0,1.0,1.0,1.0,1.0,1.0,"[[2, 0], [0, 38]]",D_ja3_flow,RandomForest,1,160,40
1.0,1.0,1.0,1.0,1.0,1.0,"[[1, 0], [0, 39]]",D_ja3_flow,RandomForest,2,160,40
0.95,1.0,0.9743589743589743,0.5,1.0,1.0,"[[0, 2], [0, 38]]",D_ja3_flow,RandomForest,3,160,40
1.0,1.0,1.0,1.0,1.0,1.0,"[[2, 0], [0, 38]]",D_ja3_flow,RandomForest,4,160,40
1.0,1.0,1.0,1.0,1.0,,[[40]],D_ja3_flow,RandomForest,5,160,40
0.95,1.0,0.9743589743589743,0.5,1.0,1.0,"[[0, 2], [0, 38]]",D_ja3_flow,XGBoost,1,160,40
1.0,1.0,1.0,1.0,1.0,1.0,"[[1, 0], [0, 39]]",D_ja3_flow,XGBoost,2,160,40
1.0,1.0,1.0,1.0,1.0,1.0,"[[2, 0], [0, 38]]",D_ja3_flow,XGBoost,3,160,40
0.95,1.0,0.9743589743589743,0.5,1.0,1.0,"[[0, 2], [0, 38]]",D_ja3_flow,XGBoost,4,160,40
1.0,1.0,1.0,1.0,1.0,,[[40]],D_ja3_flow,XGBoost,5,160,40
1.0,1.0,1.0,1.0,1.0,1.0,"[[2, 0], [0, 38]]",E_ja4_flow,LogisticRegression,1,160,40
1.0,1.0,1.0,1.0,1.0,1.0,"[[1, 0], [0, 39]]",E_ja4_flow,LogisticRegression,2,160,40
0.9743589743589743,1.0,0.987012987012987,0.75,1.0,1.0,"[[1, 1], [0, 38]]",E_ja4_flow,LogisticRegression,3,160,40
1.0,1.0,1.0,1.0,1.0,1.0,"[[2, 0], [0, 38]]",E_ja4_flow,LogisticRegression,4,160,40
1.0,1.0,1.0,1.0,1.0,,[[40]],E_ja4_flow,LogisticRegression,5,160,40
0.9743589743589743,1.0,0.987012987012987,0.75,1.0,1.0,"[[1, 1], [0, 38]]",E_ja4_flow,RandomForest,1,160,40
1.0,1.0,1.0,1.0,1.0,1.0,"[[1, 0], [0, 39]]",E_ja4_flow,RandomForest,2,160,40
0.95,1.0,0.9743589743589743,0.5,1.0,1.0,"[[0, 2], [0, 38]]",E_ja4_flow,RandomForest,3,160,40
1.0,1.0,1.0,1.0,1.0,1.0,"[[2, 0], [0, 38]]",E_ja4_flow,RandomForest,4,160,40
1.0,1.0,1.0,1.0,1.0,,[[40]],E_ja4_flow,RandomForest,5,160,40
0.95,1.0,0.9743589743589743,0.5,1.0,1.0,"[[0, 2], [0, 38]]",E_ja4_flow,XGBoost,1,160,40
1.0,1.0,1.0,1.0,1.0,1.0,"[[1, 0], [0, 39]]",E_ja4_flow,XGBoost,2,160,40
1.0,1.0,1.0,1.0,1.0,1.0,"[[2, 0], [0, 38]]",E_ja4_flow,XGBoost,3,160,40
0.95,1.0,0.9743589743589743,0.5,1.0,1.0,"[[0, 2], [0, 38]]",E_ja4_flow,XGBoost,4,160,40
1.0,1.0,1.0,1.0,1.0,,[[40]],E_ja4_flow,XGBoost,5,160,40
