dataset,feature,type,missing_count,missing_pct,unique_count,min,max,mean,top_value,top_value_freq
A,model_safe_index,int64,0,0.0,2118,0.0,2548.0,1274.5750708215298,,
A,label,object,0,0.0,2,,,,MALICIOUS,2114.0
A,byte_count_asymmetry,float64,0,0.0,515,-0.9961420585646089,1.0,0.5549605118801534,,
A,fwd_packet_length_mean,float64,0,0.0,359,40.0,1490.7299270072992,151.04586271299718,,
A,forward_bytes,int64,0,0.0,377,40.0,15073672.0,27525.572710103872,,
A,number_of_bursts,int64,0,0.0,20,0.0,305.0,1.36685552407932,,
A,mean_burst_size,float64,737,0.348,144,1.0,7264.0,42.72567432593189,,
A,reverse_bytes,int64,0,0.0,402,0.0,26489837.0,49687.45042492918,,
A,forward_packet_ratio,float64,0,0.0,169,0.061149612719119444,1.0,0.7846731310135749,,
A,packet_length_std,float64,0,0.0,491,0.0,3907.4134614387276,123.9304551636084,,
A,fwd_iat_p25,float64,922,0.4353,997,0.0,115.84671092033386,0.9174418727988782,,
A,packet_length_p95,float64,0,0.0,281,40.0,7240.0,325.6699952785647,,
A,rev_iat_p90,float64,1423,0.6719,695,7.867813110351562e-06,89.90707683563232,1.5980116462021423,,
A,packet_length_min,float64,0,0.0,28,40.0,229.0,43.00661000944287,,
A,maximum_idle_gap,float64,1796,0.848,322,1.0002431869506836,119.9957959651947,27.659070424411606,,
A,idle_gap_count,int64,0,0.0,19,0.0,304.0,0.7148253068932956,,
A,rev_iat_p25,float64,1423,0.6719,633,0.0,89.90707683563232,0.6236629581279892,,
A,fwd_iat_median,float64,922,0.4353,1003,0.0,115.84671092033386,1.0303373219177476,,
A,fwd_packet_length_p90,float64,0,0.0,237,40.0,1500.0,209.72492917847026,,
A,rev_iat_p75,float64,1423,0.6719,691,5.9604644775390625e-06,89.90707683563232,1.0936369628357372,,
A,rev_iat_std,float64,1423,0.6719,570,0.0,44.493194125516915,0.8599496882494034,,
A,packet_length_max,float64,0,0.0,177,40.0,33160.0,365.31255901794145,,
A,reverse_packets,int64,0,0.0,94,0.0,19064.0,52.02691218130312,,
A,iat_median,float64,737,0.348,1211,0.0,119.9957959651947,0.9205405062993828,,
A,rev_packet_length_std,float64,1234,0.5826,342,0.0,4725.269997328005,205.0493672107091,,
A,rev_packet_length_p95,float64,1234,0.5826,244,40.0,10634.6,529.4866515837103,,
A,rev_iat_min,float64,1423,0.6719,341,0.0,89.90707683563232,0.4613834710429898,,
A,fwd_packet_length_max,float64,0,0.0,174,40.0,1500.0,251.14353163361662,,
A,iat_std,float64,737,0.348,731,0.0,42.35618972344418,1.3219336047321886,,
A,fwd_iat_p75,float64,922,0.4353,1079,0.0,115.84671092033386,1.2216197533850686,,
A,corpus_sample_id,object,0,0.0,11,,,,DS008-C001,1185.0
A,packet_length_p90,float64,0,0.0,306,40.0,4360.0,301.0010859301227,,
A,rev_iat_max,float64,1423,0.6719,694,7.867813110351562e-06,112.09457302093506,3.2542507103021197,,
A,bytes_per_second,float64,771,0.364,1276,0.6666900232338502,12489009.671641791,114075.12035688276,,
A,malware_family,object,0,0.0,11,,,,XLoader,1185.0
A,rev_packet_length_mean,float64,1234,0.5826,404,40.0,3124.233009708738,258.33229847756775,,
A,fwd_packet_length_p25,float64,0,0.0,67,40.0,1500.0,117.69688385269122,,
A,maximum_burst_size,float64,737,0.348,111,1.0,20713.0,109.19261404779145,,
A,rev_packet_length_min,float64,1234,0.5826,82,40.0,378.0,60.25452488687783,,
A,reverse_byte_ratio,float64,0,0.0,515,0.0,0.9980710292823045,0.22251974405992328,,
A,packet_length_mean,float64,0,0.0,500,40.0,1846.7966101694915,154.30079555252914,,
A,fwd_iat_p95,float64,922,0.4353,1090,0.0,115.84671092033386,4.028561497302754,,
A,rev_packet_length_p75,float64,1234,0.5826,228,40.0,4360.0,342.6496040723982,,
A,fwd_iat_min,float64,922,0.4353,868,0.0,115.84671092033386,0.9008886339672433,,
A,iat_mean,float64,737,0.348,1274,0.0,119.9957959651947,1.3476807779251114,,
A,rev_iat_p95,float64,1423,0.6719,695,7.867813110351562e-06,90.08146800994871,2.1909145428979993,,
A,rev_packet_length_max,float64,1234,0.5826,165,40.0,33160.0,660.4932126696832,,
A,total_packets,int64,0,0.0,118,1.0,29056.0,85.86449480642115,,
A,rev_iat_mean,float64,1423,0.6719,695,7.867813110351562e-06,89.90707683563232,1.0442245041978822,,
A,iat_min,float64,737,0.348,792,0.0,119.9957959651947,0.8988115495741151,,
A,iat_p90,float64,737,0.348,1273,0.0,119.9957959651947,1.5435773591214899,,
A,rev_packet_length_p90,float64,1234,0.5826,238,40.0,7109.400000000002,479.2070135746606,,
A,fwd_iat_max,float64,922,0.4353,1088,0.0,118.11739492416382,6.487695251220844,,
A,iat_p75,float64,737,0.348,1264,0.0,119.9957959651947,1.1659504731524948,,
A,iat_max,float64,737,0.348,1270,0.0,119.9957959651947,6.551726877473559,,
A,packet_length_median,float64,0,0.0,173,40.0,1500.0,130.54532577903683,,
A,fwd_packet_length_min,float64,0,0.0,34,40.0,1436.0,46.28989612842304,,
A,packets_per_second,float64,771,0.364,1273,0.016667250580846255,86480.49484536082,1468.500262943424,,
A,forward_packets,int64,0,0.0,76,1.0,10159.0,33.83758262511804,,
A,rev_packet_length_p25,float64,1234,0.5826,138,40.0,1500.0,123.0554298642534,,
A,fwd_iat_mean,float64,922,0.4353,1090,0.0,115.84671092033386,1.614618950815912,,
A,iat_p95,float64,737,0.348,1274,0.0,119.9957959651947,2.4351443847567147,,
A,fwd_packet_length_std,float64,0,0.0,339,0.0,714.9069247254555,67.96335982488274,,
A,fwd_packet_length_p75,float64,0,0.0,185,40.0,1500.0,174.25236071765818,,
A,packet_length_p25,float64,0,0.0,117,40.0,1500.0,56.13668555240793,,
A,fwd_packet_length_p95,float64,0,0.0,249,40.0,1500.0,227.32334749763928,,
A,flow_duration,float64,0,0.0,1273,0.0,10486.734508991241,18.69095681184187,,
A,iat_p25,float64,737,0.348,1170,0.0,119.9957959651947,0.9063241327698036,,
A,reverse_packet_ratio,float64,0,0.0,169,0.0,0.9388503872808805,0.21532686898642514,,
A,fwd_iat_std,float64,922,0.4353,614,0.0,41.32669274211618,1.6679076855579575,,
A,fwd_packet_length_median,float64,0,0.0,83,40.0,1500.0,130.52856468366383,,
A,fwd_iat_p90,float64,922,0.4353,1089,0.0,115.84671092033386,2.391892597208852,,
A,rev_packet_length_median,float64,1234,0.5826,166,40.0,1500.0,195.3806561085973,,
A,total_bytes,int64,0,0.0,500,40.0,26975724.0,77213.02313503304,,
A,packet_length_p75,float64,0,0.0,291,40.0,1500.0,223.02065627950898,,
A,forward_byte_ratio,float64,0,0.0,515,0.0019289707176955262,1.0,0.7774802559400767,,
A,packet_count_asymmetry,float64,0,0.0,169,-0.8777007745617611,1.0,0.5693462620271496,,
A,rev_iat_median,float64,1423,0.6719,655,1.9073486328125e-06,89.90707683563232,0.7806658573287855,,
A,tls_version,float64,1954,0.9226,2,1.2,1.3,1.245731707317073,,
A,clienthello_present,bool,0,0.0,2,0.0,1.0,0.07743153918791312,False,1954.0
A,serverhello_present,bool,0,0.0,2,0.0,1.0,0.07837582625118036,False,1952.0
A,sni_present,bool,0,0.0,2,0.0,1.0,0.059490084985835696,False,1992.0
A,alpn_value,object,1954,0.9226,3,,,,,93.0
A,sequence_directions,object,0,0.0,-1,,,,,
A,sequence_tcp_flags,object,0,0.0,-1,,,,,
A,sequence_relative_times,object,0,0.0,-1,,,,,
A,sequence_packet_lengths,object,0,0.0,-1,,,,,
B,model_safe_index,int64,0,0.0,160,2.0,2432.0,1495.5,,
B,label,object,0,0.0,2,,,,MALICIOUS,156.0
B,ja3_hash,object,0,0.0,41,,,,72a589da586844d7f0818ce684948eea,26.0
C,model_safe_index,int64,0,0.0,160,2.0,2432.0,1495.5,,
C,label,object,0,0.0,2,,,,MALICIOUS,156.0
C,ja4,object,0,0.0,36,,,,t12n190700_d83cc789557e_86f5337e7f36,26.0
D,model_safe_index,int64,0,0.0,160,2.0,2432.0,1495.5,,
D,label,object,0,0.0,2,,,,MALICIOUS,156.0
D,ja3_hash,object,0,0.0,41,,,,72a589da586844d7f0818ce684948eea,26.0
D,byte_count_asymmetry,float64,0,0.0,144,-0.9975519084083975,0.9863611960074594,-0.36944018383764204,,
D,fwd_packet_length_mean,float64,0,0.0,142,40.47186495176849,1431.808120733022,292.36695002099555,,
D,forward_bytes,int64,0,0.0,142,396.0,4193190.0,83454.35,,
D,number_of_bursts,int64,0,0.0,8,1.0,155.0,3.51875,,
D,mean_burst_size,float64,0,0.0,78,3.1052631578947367,9737.666666666666,200.20464647000568,,
D,reverse_bytes,int64,0,0.0,129,281.0,41081284.0,432855.80625,,
D,forward_packet_ratio,float64,0,0.0,86,0.04258378119330435,0.8163684364916398,0.47455740321518924,,
D,packet_length_std,float64,0,0.0,144,56.639071099374505,2852.631079901579,528.4111165115246,,
D,fwd_iat_p25,float64,0,0.0,153,0.0,0.21083807945251465,0.006171849742531777,,
D,packet_length_p95,float64,0,0.0,34,41.0,7228.4,1361.0640625,,
D,rev_iat_p90,float64,0,0.0,160,1.3113021850585938e-05,33.626031041145325,1.4382158492505552,,
D,packet_length_min,float64,0,0.0,2,40.0,52.0,40.075,,
D,maximum_idle_gap,float64,52,0.325,108,1.2179839611053467,112.86465978622437,51.10229893525442,,
D,idle_gap_count,int64,0,0.0,8,0.0,154.0,2.51875,,
D,rev_iat_p25,float64,0,0.0,145,0.0,15.214626967906952,0.11158975176513194,,
D,fwd_iat_median,float64,0,0.0,155,4.0531158447265625e-06,4.8813700675964355,0.07532618716359138,,
D,fwd_packet_length_p90,float64,0,0.0,102,40.0,1500.0,579.31375,,
D,rev_iat_p75,float64,0,0.0,160,6.9141387939453125e-06,19.48442256450653,0.3968490961939096,,
D,rev_iat_std,float64,0,0.0,160,0.0024338268658981336,28.276058223594067,1.5311822367655064,,
D,packet_length_max,float64,0,0.0,16,189.0,16338.0,1580.15,,
D,reverse_packets,int64,0,0.0,58,3.0,27969.0,332.38125,,
D,iat_median,float64,0,0.0,156,1.9073486328125e-06,0.18027806282043457,0.01172356903553009,,
D,rev_packet_length_std,float64,0,0.0,130,27.198394720763297,3519.015648474934,518.9689657143857,,
D,rev_packet_length_p95,float64,0,0.0,34,40.0,10634.6,1338.8365625,,
D,rev_iat_min,float64,0,0.0,76,0.0,0.16385293006896973,0.0021842584013938905,,
D,fwd_packet_length_max,float64,0,0.0,73,165.0,1500.0,950.40625,,
D,iat_std,float64,0,0.0,160,0.006163751508917593,26.597929641673446,6.992684076958488,,
D,fwd_iat_p75,float64,0,0.0,159,7.152557373046875e-06,19.48364406824112,0.5336670853197575,,
D,corpus_sample_id,object,0,0.0,11,,,,DS008-C003,41.0
D,packet_length_p90,float64,0,0.0,61,41.0,3007.6000000000004,1214.6581250000002,,
D,rev_iat_max,float64,0,0.0,160,0.037927865982055664,90.01611518859863,5.420394372940064,,
D,bytes_per_second,float64,0,0.0,160,10.1325413379601,4089597.6484623533,65181.17913993322,,
D,malware_family,object,0,0.0,11,,,,Lumma Stealer / SectopRAT / ArechClient2,41.0
D,rev_packet_length_mean,float64,0,0.0,129,41.525,1931.811320754717,609.5088357899458,,
D,fwd_packet_length_p25,float64,0,0.0,13,40.0,1500.0,130.4625,,
D,maximum_burst_size,float64,0,0.0,65,7.0,26831.0,423.75625,,
D,rev_packet_length_min,float64,0,0.0,2,40.0,52.0,40.225,,
D,reverse_byte_ratio,float64,0,0.0,144,0.006819401996270266,0.9987759542041987,0.684720091918821,,
D,packet_length_mean,float64,0,0.0,144,49.21694915254237,1407.9906548454455,511.1014296894773,,
D,fwd_iat_p95,float64,0,0.0,160,0.0013953685760498026,76.93368582725518,16.23710458420215,,
D,rev_packet_length_p75,float64,0,0.0,68,40.0,2362.0,926.721875,,
D,fwd_iat_min,float64,0,0.0,93,0.0,0.01009511947631836,0.0003131374716758728,,
D,iat_mean,float64,0,0.0,160,0.00034429764855353615,6.875495821237564,1.745402714471815,,
D,rev_iat_p95,float64,0,0.0,160,0.0002880096435546875,54.02154817581174,2.964487036690115,,
D,rev_packet_length_max,float64,0,0.0,16,155.0,16338.0,1561.49375,,
D,total_packets,int64,0,0.0,68,8.0,29213.0,449.03125,,
D,rev_iat_mean,float64,0,0.0,160,0.00026526605343882927,14.04591473644855,0.7191034087739028,,
D,iat_min,float64,0,0.0,49,0.0,0.0003800392150878906,1.5664100646972657e-05,,
D,iat_p90,float64,0,0.0,160,3.0994415283203125e-05,19.312942028045654,0.8684308746457102,,
D,rev_packet_length_p90,float64,0,0.0,40,40.0,7109.400000000002,1243.1231249999998,,
D,fwd_iat_max,float64,0,0.0,160,0.04320216178894043,112.86465978622437,31.80844575762749,,
D,iat_p75,float64,0,0.0,159,8.106231689453125e-06,15.0803142786026,0.15764868147671224,,
D,iat_max,float64,0,0.0,160,0.04287910461425781,112.86465978622437,34.55462064146995,,
D,packet_length_median,float64,0,0.0,56,40.0,1500.0,337.015625,,
D,fwd_packet_length_min,float64,0,0.0,2,40.0,52.0,40.075,,
D,packets_per_second,float64,0,0.0,160,0.15453430961561604,2904.5630625377034,67.52039250803406,,
D,forward_packets,int64,0,0.0,51,4.0,4464.0,116.65,,
D,rev_packet_length_p25,float64,0,0.0,40,40.0,1500.0,222.20625,,
D,fwd_iat_mean,float64,0,0.0,160,0.0014520922092476276,15.715419019971575,3.2551884230117265,,
D,iat_p95,float64,0,0.0,160,0.00024567842483520444,42.30769801139831,5.466719089895473,,
D,fwd_packet_length_std,float64,0,0.0,142,8.813082904637445,688.5268823705532,273.2561040458821,,
D,fwd_packet_length_p75,float64,0,0.0,86,40.0,1500.0,335.1515625,,
D,packet_length_p25,float64,0,0.0,16,40.0,1500.0,129.91875,,
D,fwd_packet_length_p95,float64,0,0.0,107,40.0,1500.0,727.1103124999997,,
D,flow_duration,float64,0,0.0,160,0.12458205223083496,1432.908045053482,56.248964709043506,,
D,iat_p25,float64,0,0.0,142,0.0,0.03868675231933594,0.0005816876888275147,,
D,reverse_packet_ratio,float64,0,0.0,86,0.1836315635083602,0.9574162188066957,0.5254425967848108,,
D,fwd_iat_std,float64,0,0.0,160,0.014076506093890138,38.446133648372125,8.977989479357534,,
D,fwd_packet_length_median,float64,0,0.0,33,40.0,1500.0,191.4625,,
D,fwd_iat_p90,float64,0,0.0,160,0.00024700164794921875,45.00187611579895,5.889412350803612,,
D,rev_packet_length_median,float64,0,0.0,73,40.0,1500.0,497.028125,,
D,total_bytes,int64,0,0.0,144,677.0,41131631.0,516310.15625,,
D,packet_length_p75,float64,0,0.0,88,41.0,1500.0,787.571875,,
D,forward_byte_ratio,float64,0,0.0,144,0.0012240457958012897,0.9931805980037297,0.315279908081179,,
D,packet_count_asymmetry,float64,0,0.0,86,-0.9148324376133913,0.6327368729832795,-0.05088519356962158,,
D,rev_iat_median,float64,0,0.0,150,1.1920928955078125e-06,15.221274971961975,0.13988347724080086,,
D,tls_version,float64,0,0.0,2,1.2,1.3,1.2431249999999998,,
D,clienthello_present,bool,0,0.0,1,1.0,1.0,1.0,True,160.0
D,serverhello_present,bool,0,0.0,1,1.0,1.0,1.0,True,160.0
D,sni_present,bool,0,0.0,2,0.0,1.0,0.775,True,124.0
D,alpn_value,object,0,0.0,2,,,,,88.0
D,sequence_directions,object,0,0.0,-1,,,,,
D,sequence_tcp_flags,object,0,0.0,-1,,,,,
D,sequence_relative_times,object,0,0.0,-1,,,,,
D,sequence_packet_lengths,object,0,0.0,-1,,,,,
E,model_safe_index,int64,0,0.0,160,2.0,2432.0,1495.5,,
E,label,object,0,0.0,2,,,,MALICIOUS,156.0
E,ja4,object,0,0.0,36,,,,t12n190700_d83cc789557e_86f5337e7f36,26.0
E,byte_count_asymmetry,float64,0,0.0,144,-0.9975519084083975,0.9863611960074594,-0.36944018383764204,,
E,fwd_packet_length_mean,float64,0,0.0,142,40.47186495176849,1431.808120733022,292.36695002099555,,
E,forward_bytes,int64,0,0.0,142,396.0,4193190.0,83454.35,,
E,number_of_bursts,int64,0,0.0,8,1.0,155.0,3.51875,,
E,mean_burst_size,float64,0,0.0,78,3.1052631578947367,9737.666666666666,200.20464647000568,,
E,reverse_bytes,int64,0,0.0,129,281.0,41081284.0,432855.80625,,
E,forward_packet_ratio,float64,0,0.0,86,0.04258378119330435,0.8163684364916398,0.47455740321518924,,
E,packet_length_std,float64,0,0.0,144,56.639071099374505,2852.631079901579,528.4111165115246,,
E,fwd_iat_p25,float64,0,0.0,153,0.0,0.21083807945251465,0.006171849742531777,,
E,packet_length_p95,float64,0,0.0,34,41.0,7228.4,1361.0640625,,
E,rev_iat_p90,float64,0,0.0,160,1.3113021850585938e-05,33.626031041145325,1.4382158492505552,,
E,packet_length_min,float64,0,0.0,2,40.0,52.0,40.075,,
E,maximum_idle_gap,float64,52,0.325,108,1.2179839611053467,112.86465978622437,51.10229893525442,,
E,idle_gap_count,int64,0,0.0,8,0.0,154.0,2.51875,,
E,rev_iat_p25,float64,0,0.0,145,0.0,15.214626967906952,0.11158975176513194,,
E,fwd_iat_median,float64,0,0.0,155,4.0531158447265625e-06,4.8813700675964355,0.07532618716359138,,
E,fwd_packet_length_p90,float64,0,0.0,102,40.0,1500.0,579.31375,,
E,rev_iat_p75,float64,0,0.0,160,6.9141387939453125e-06,19.48442256450653,0.3968490961939096,,
E,rev_iat_std,float64,0,0.0,160,0.0024338268658981336,28.276058223594067,1.5311822367655064,,
E,packet_length_max,float64,0,0.0,16,189.0,16338.0,1580.15,,
E,reverse_packets,int64,0,0.0,58,3.0,27969.0,332.38125,,
E,iat_median,float64,0,0.0,156,1.9073486328125e-06,0.18027806282043457,0.01172356903553009,,
E,rev_packet_length_std,float64,0,0.0,130,27.198394720763297,3519.015648474934,518.9689657143857,,
E,rev_packet_length_p95,float64,0,0.0,34,40.0,10634.6,1338.8365625,,
E,rev_iat_min,float64,0,0.0,76,0.0,0.16385293006896973,0.0021842584013938905,,
E,fwd_packet_length_max,float64,0,0.0,73,165.0,1500.0,950.40625,,
E,iat_std,float64,0,0.0,160,0.006163751508917593,26.597929641673446,6.992684076958488,,
E,fwd_iat_p75,float64,0,0.0,159,7.152557373046875e-06,19.48364406824112,0.5336670853197575,,
E,corpus_sample_id,object,0,0.0,11,,,,DS008-C003,41.0
E,packet_length_p90,float64,0,0.0,61,41.0,3007.6000000000004,1214.6581250000002,,
E,rev_iat_max,float64,0,0.0,160,0.037927865982055664,90.01611518859863,5.420394372940064,,
E,bytes_per_second,float64,0,0.0,160,10.1325413379601,4089597.6484623533,65181.17913993322,,
E,malware_family,object,0,0.0,11,,,,Lumma Stealer / SectopRAT / ArechClient2,41.0
E,rev_packet_length_mean,float64,0,0.0,129,41.525,1931.811320754717,609.5088357899458,,
E,fwd_packet_length_p25,float64,0,0.0,13,40.0,1500.0,130.4625,,
E,maximum_burst_size,float64,0,0.0,65,7.0,26831.0,423.75625,,
E,rev_packet_length_min,float64,0,0.0,2,40.0,52.0,40.225,,
E,reverse_byte_ratio,float64,0,0.0,144,0.006819401996270266,0.9987759542041987,0.684720091918821,,
E,packet_length_mean,float64,0,0.0,144,49.21694915254237,1407.9906548454455,511.1014296894773,,
E,fwd_iat_p95,float64,0,0.0,160,0.0013953685760498026,76.93368582725518,16.23710458420215,,
E,rev_packet_length_p75,float64,0,0.0,68,40.0,2362.0,926.721875,,
E,fwd_iat_min,float64,0,0.0,93,0.0,0.01009511947631836,0.0003131374716758728,,
E,iat_mean,float64,0,0.0,160,0.00034429764855353615,6.875495821237564,1.745402714471815,,
E,rev_iat_p95,float64,0,0.0,160,0.0002880096435546875,54.02154817581174,2.964487036690115,,
E,rev_packet_length_max,float64,0,0.0,16,155.0,16338.0,1561.49375,,
E,total_packets,int64,0,0.0,68,8.0,29213.0,449.03125,,
E,rev_iat_mean,float64,0,0.0,160,0.00026526605343882927,14.04591473644855,0.7191034087739028,,
E,iat_min,float64,0,0.0,49,0.0,0.0003800392150878906,1.5664100646972657e-05,,
E,iat_p90,float64,0,0.0,160,3.0994415283203125e-05,19.312942028045654,0.8684308746457102,,
E,rev_packet_length_p90,float64,0,0.0,40,40.0,7109.400000000002,1243.1231249999998,,
E,fwd_iat_max,float64,0,0.0,160,0.04320216178894043,112.86465978622437,31.80844575762749,,
E,iat_p75,float64,0,0.0,159,8.106231689453125e-06,15.0803142786026,0.15764868147671224,,
E,iat_max,float64,0,0.0,160,0.04287910461425781,112.86465978622437,34.55462064146995,,
E,packet_length_median,float64,0,0.0,56,40.0,1500.0,337.015625,,
E,fwd_packet_length_min,float64,0,0.0,2,40.0,52.0,40.075,,
E,packets_per_second,float64,0,0.0,160,0.15453430961561604,2904.5630625377034,67.52039250803406,,
E,forward_packets,int64,0,0.0,51,4.0,4464.0,116.65,,
E,rev_packet_length_p25,float64,0,0.0,40,40.0,1500.0,222.20625,,
E,fwd_iat_mean,float64,0,0.0,160,0.0014520922092476276,15.715419019971575,3.2551884230117265,,
E,iat_p95,float64,0,0.0,160,0.00024567842483520444,42.30769801139831,5.466719089895473,,
E,fwd_packet_length_std,float64,0,0.0,142,8.813082904637445,688.5268823705532,273.2561040458821,,
E,fwd_packet_length_p75,float64,0,0.0,86,40.0,1500.0,335.1515625,,
E,packet_length_p25,float64,0,0.0,16,40.0,1500.0,129.91875,,
E,fwd_packet_length_p95,float64,0,0.0,107,40.0,1500.0,727.1103124999997,,
E,flow_duration,float64,0,0.0,160,0.12458205223083496,1432.908045053482,56.248964709043506,,
E,iat_p25,float64,0,0.0,142,0.0,0.03868675231933594,0.0005816876888275147,,
E,reverse_packet_ratio,float64,0,0.0,86,0.1836315635083602,0.9574162188066957,0.5254425967848108,,
E,fwd_iat_std,float64,0,0.0,160,0.014076506093890138,38.446133648372125,8.977989479357534,,
E,fwd_packet_length_median,float64,0,0.0,33,40.0,1500.0,191.4625,,
E,fwd_iat_p90,float64,0,0.0,160,0.00024700164794921875,45.00187611579895,5.889412350803612,,
E,rev_packet_length_median,float64,0,0.0,73,40.0,1500.0,497.028125,,
E,total_bytes,int64,0,0.0,144,677.0,41131631.0,516310.15625,,
E,packet_length_p75,float64,0,0.0,88,41.0,1500.0,787.571875,,
E,forward_byte_ratio,float64,0,0.0,144,0.0012240457958012897,0.9931805980037297,0.315279908081179,,
E,packet_count_asymmetry,float64,0,0.0,86,-0.9148324376133913,0.6327368729832795,-0.05088519356962158,,
E,rev_iat_median,float64,0,0.0,150,1.1920928955078125e-06,15.221274971961975,0.13988347724080086,,
E,tls_version,float64,0,0.0,2,1.2,1.3,1.2431249999999998,,
E,clienthello_present,bool,0,0.0,1,1.0,1.0,1.0,True,160.0
E,serverhello_present,bool,0,0.0,1,1.0,1.0,1.0,True,160.0
E,sni_present,bool,0,0.0,2,0.0,1.0,0.775,True,124.0
E,alpn_value,object,0,0.0,2,,,,,88.0
E,sequence_directions,object,0,0.0,-1,,,,,
E,sequence_tcp_flags,object,0,0.0,-1,,,,,
E,sequence_relative_times,object,0,0.0,-1,,,,,
E,sequence_packet_lengths,object,0,0.0,-1,,,,,
