id,authors,year,title,venue,doi_or_url,citation_key,category,problem_addressed,dataset_used,traffic_type,tls_version_range,features_used,fingerprinting_method,ml_algorithm,evaluation_metrics,main_findings,main_limitations,relevance_to_etth,possible_research_gap,notes
1,"Akbari, Iman; Salahuddin, Mohammad A.; Aniva, Leni; Limam, Noura; Boutaba, Raouf; Mathieu, Bertrand; Moteau, Stephanie; Tuffin, Stephane",2022,"Traffic Classification in an Increasingly Encrypted Web","Communications of the ACM (CACM)",https://doi.org/10.1145/3559439,akbari2022traffic,Area 1,"Encrypted traffic classification using deep learning often relies on simple logic from TLS handshake headers, limiting robustness to future protocol versions; need for protocol-agnostic features","Real-world mobile traffic dataset from major ISP and mobile network operator; public QUIC dataset",Encrypted web traffic (HTTPS HTTP/2 QUIC),TLS 1.2 TLS 1.3,"Flow statistics (packet sizes IATs direction) TLS handshake raw bytes (first 3 packets) SNI masked cipher info masked",Not reported,CNN + stacked LSTM,Accuracy false classification rate,"Protocol-agnostic feature set (flow stats + traffic shape + handshake bytes) outperforms state-of-the-art by nearly 50% fewer false classifications; model generalizes across service- and application-level classification and adapts to QUIC","Relies on ISP-grade dataset; QUIC evaluation uses public dataset with finer granularity; may not generalize to all encrypted protocols",High - directly supports ETTH's metadata-only feature engineering approach,"Protocol-agnostic features may still leak identity through canary features if not properly masked",Verified - DOI resolves to CACM article
2,"Oh, Chaeyeon; Ha, Joonseo; Roh, Heejun",2021,"A Survey on TLS-Encrypted Malware Network Traffic Analysis Applicable to Security Operations Centers","Applied Sciences (MDPI)",https://doi.org/10.3390/app12010155,oh2021survey,Area 1,"Survey of TLS-encrypted malware NTA methods for SOCs; need to understand deployment models and ML pipelines without decryption","Multiple datasets referenced (Cisco joy Cisco mercury SSL blacklists)",TLS-encrypted malware and benign traffic,TLS 1.0 TLS 1.2 TLS 1.3,"TLS handshake metadata SPLT BD flow features",JA3 JA3S TLS fingerprinting,Survey of ML methods (RF CNN LSTM),Accuracy precision recall FDR,"Three main deployment models: TLS interception cryptographic function inspection passive inspection without decryption; TLS fingerprinting widely used in industry; combining TLS metadata SPLT BD improves accuracy at 0.00% FDR","Survey only; no original experimental results; dataset bias from sandbox-collected malware traffic acknowledged",High - comprehensive survey of TLS-encrypted NTA landscape and methods,"Limited peer-reviewed validation of JA3 reliability for malware detection",Verified - DOI resolves to MDPI article
3,"Papadogiannaki, Eirini; Ioannidis, Sotiris",2021,"A survey on encrypted network traffic analysis applications, techniques, and countermeasures","ACM Computing Surveys",https://doi.org/10.1145/3457904,papadogiannaki2021survey,Area 1,"Broad survey of encrypted traffic analysis applications techniques and countermeasures; need for systematization of the field","Multiple datasets and systems referenced (Cisco joy nDPI etc.)",Encrypted network traffic (TLS VPN etc.),TLS 1.0 TLS 1.2 TLS 1.3,"Flow features packet length sequences inter-arrival times TLS handshake metadata",TLS fingerprinting (JA3 Markov chains),Survey of ML and statistical methods,Survey coverage,"Comprehensive taxonomy of encrypted traffic analysis methods; discusses privacy-preserving inspection without decryption; identifies need for OSINT-friendly fingerprinting techniques","Survey only; no original experiments; rapidly evolving field may outpace survey",High - establishes the broader encrypted traffic analysis context for ETTH,"Lack of large-scale real-world validation of proposed methods",Verified - DOI resolves to ACM CSUR article
4,"Matousek, Petr; Burgetova, Ivana; Rysavy, Ondrej; Victor, Malombe",2025,"Towards identification of network applications in encrypted traffic","Annals of Telecommunications",https://doi.org/10.1007/s12243-025-01114-z,matousek2025towards,Area 1,"Comparing fingerprinting (JA3/JA4) SNI-based identification and ML-based classification for TLS application identification; evaluating accuracy coverage and practicality","Novel annotated TLS dataset collected from desktop and mobile applications",TLS-encrypted application traffic,TLS 1.2 TLS 1.3,"JA3 JA4 JA3S JA4S fingerprints SNI flow metadata (bytes packets duration)",JA3 JA4 JA3S JA4S SNI matching,ML-based classification (RF k-NN CNN),F1-score accuracy coverage efficiency,"JA4+JA4S combination achieves >90% accuracy; JA3 performs poorly due to random extension ordering causing multiple fingerprints per application; shared fingerprints across applications reduce discriminative power; combining contextual features (IP port flow metadata) with fingerprints improves precision","JA3 instability due to client-side extension shuffling; fingerprint collisions across applications; ML-based detectors struggle with unseen samples; requires regularly updated fingerprint databases",High - directly compares JA3 vs JA4 and highlights fingerprint collision issues relevant to ETTH's fingerprinting component,"JA4 evaluation limited to specific application set; need broader validation across diverse environments",Verified - DOI resolves to Springer article
5,"Anderson, Blake; Paul, Subharthi; McGrew, David",2017,"Deciphering Malware's use of TLS (without Decryption)","Journal of Computer Virology and Hacking Techniques",https://arxiv.org/abs/1607.01639,anderson2016deciphering,Area 1,"Detecting and attributing malware communication in TLS-encrypted traffic without decryption; accommodating sandbox bias in malware datasets","Millions of TLS-encrypted flows from enterprise DMZ; 18 malware families with thousands of samples and tens of thousands of malicious TLS flows",TLS-encrypted malware and benign enterprise traffic,TLS 1.0 TLS 1.2,"Cipher suite list TLS version extensions elliptic curves certificate attributes flow-level statistics",TLS feature fingerprinting (custom),Machine learning classifiers (RF etc.),Accuracy precision recall,"Malware TLS usage differs significantly from benign enterprise traffic; malware uses weaker ciphersuites ~20% more than DMZ traffic; 90.3% family attribution accuracy per single encrypted flow; 93.2% using all flows in 5-minute window; sandbox bias must be accommodated","Sandbox environment bias (Windows XP-based); some malware families use standard libraries making attribution harder; requires large-scale real-world deployment for operational validation",Very High - seminal work establishing that malware TLS behavior is distinguishable from benign traffic without decryption; directly motivates ETTH,"Generalization to new malware families that evolve TLS usage; adaptation to TLS 1.3",Verified - arXiv preprint published in Journal of Computer Virology and Hacking Techniques
6,"Barut, O.; Zhu, R.; Luo, Y.; Zhang, T.",2020,"TLS Encrypted Application Classification Using Machine Learning with Flow Feature Engineering","Proceedings of the 10th International Conference on Communication and Network Security (ACM CNS)",https://doi.org/10.1145/3442520.3442529,barut2020tls,Area 1,"Classifying TLS-encrypted applications using engineered flow features and ML without payload inspection","non-vpn2016 dataset (ISCX)",TLS-encrypted application traffic (Audio Email Chat Video),TLS 1.0 TLS 1.2,"Flow features (packet sizes durations bytes transmitted) TLS handshake features (cipher suites extensions key lengths)",Not reported,Random Forest k-NN CNN,Macro-average F1 score mAP,"Achieves 0.929 macro-average F1 and 0.883 mAP on encrypted traffic classification; flow feature engineering with SMOTE augmentation effective for class imbalance; RF selected source port as most important feature (questionable due to OS randomization)","Source port randomness undermines feature importance; CNN requires data augmentation for imbalanced datasets; limited to 4 application classes",High - demonstrates flow feature engineering for TLS-encrypted classification; relevant to ETTH's feature design,"Effectiveness on modern TLS 1.3 traffic with encrypted SNI",Verified - DOI resolves to ACM CNS 2020 proceedings
7,"Althouse, John B.; Atkinson, Jeff; Atkins, Josh; Lindeman, Laura",2017,"Open Sourcing JA3","Salesforce Engineering Blog",https://engineering.salesforce.com/open-sourcing-ja3-92c9e53c3c41/,althouse2017ja3,Area 2,"Introducing JA3: a standard for creating SSL/TLS client fingerprints from ClientHello packets; enabling threat detection independent of destination","Not applicable (technical documentation)",SSL/TLS client traffic,TLS 1.0 TLS 1.2,"SSL Version Accepted Ciphers List of Extensions Elliptic Curves Elliptic Curve Formats from ClientHello",JA3 (MD5 hash of ordered ClientHello fields),Not applicable,Not reported,"JA3 creates 32-character MD5 fingerprint from ClientHello fields; ignores GREASE values; enables detection of client applications regardless of destination C2 IPs or certificates; open-sourced for integration with Bro/Suricata","MD5 hash may become obsolete; fingerprint collisions possible when applications share libraries; blacklist-based approach requires frequent updates; JA3 alone insufficient for reliable identification",Very High - foundational specification for TLS client fingerprinting; essential for understanding ETTH's fingerprinting component,"JA3 stability under TLS 1.3 and browser extension randomization",Verified - Salesforce Engineering Blog
8,"Althouse, John B.; Lindeman, Laura",2019,"TLS Fingerprinting with JA3 and JA3S","Salesforce Engineering Blog",https://engineering.salesforce.com/tls-fingerprinting-with-ja3-and-ja3s-247362855967/,althouse2019ja3s,Area 2,"Extending JA3 to server-side fingerprinting (JA3S) for combined client-server TLS negotiation identification","Not applicable (technical documentation)",SSL/TLS client and server traffic,TLS 1.0 TLS 1.2,"JA3: SSL Version Accepted Ciphers List of Extensions Elliptic Curves Elliptic Curve Formats; JA3S: Version Accepted Cipher List of Extensions from ServerHello",JA3 (client) + JA3S (server) combined fingerprint,Not applicable,Not reported,"Combined JA3+JA3S creates fingerprint of entire cryptographic negotiation; servers reply consistently to same client; JA3S cannot be used alone for detection; combined usage reduces false positives compared to JA3 alone","MD5 hash; blacklist-based; server responses may vary; JA3S has fewer fields than JA3 reducing discriminative power",Very High - extends JA3 to server-side fingerprinting; JA3+JA3S combination is directly relevant to ETTH's dual-fingerprint approach,"Combined fingerprint stability under TLS 1.3 and ECH",Verified - Salesforce Engineering Blog
9,"Matousek, Petr; Burgetova, Ivana; Rysavy, Ondrej; Victor, Malombe",2021,"On Reliability of JA3 Hashes for Fingerprinting Mobile Applications","Digital Forensics and Cyber Crime (ICDF2C 2021)",https://doi.org/10.1007/978-3-030-68734-2_1,matousek2021reliability,Area 2,"Evaluating stability reliability and uniqueness of JA3 fingerprints for mobile app identification in digital forensics","Mobile application traffic dataset collected from Android iOS and Windows apps",Mobile application TLS traffic,TLS 1.2,"JA3 fields: SSL Version Ciphers Extensions Elliptic Curves Elliptic Curve Formats",JA3,Not reported,Uniqueness stability collision rate,"JA3 not sufficient for reliable mobile app identification alone; multiple apps can share same JA3 hash due to common libraries or OS sockets; extension ordering affects fingerprint stability; recommends combining JA3+JA3S+SNI for improved reliability","Limited dataset scope; mobile apps only; does not evaluate JA4; stability over time not fully assessed",High - provides empirical evidence of JA3 limitations (collisions instability) that ETTH must address,"JA4 stability relative to JA3 for same mobile app dataset",Verified - DOI resolves to Springer ICDF2C 2021 proceedings
10,"Althouse, John",2023,"JA4+ Network Fingerprinting","FoxIO Blog",https://blog.foxio.io/ja4-network-fingerprinting-9376fe9ca637,althouse2023ja4,Area 2,"Introducing JA4+ suite of human-readable modular network fingerprints replacing JA3; covering TLS QUIC DTLS HTTP SSH TCP DHCP","Not applicable (technical documentation)",TLS QUIC DTLS HTTP SSH TCP DHCP traffic,TLS 1.2 TLS 1.3,"TLS Version Cipher count Extension count SNI presence ALPN first/last chars; sorted cipher list SHA256 hash (12 chars); sorted extension list + signature algorithms SHA256 hash (12 chars)",JA4 (client) JA4S (server) JA4H JA4L JA4X JA4SSH JA4T JA4D,Not applicable,Not reported,"JA4 uses human-readable format instead of opaque MD5; sorts cipher/extension lists (resilient to shuffling); strips GREASE values; covers QUIC and DTLS; JA4S for server fingerprinting; JA4+ suite extends to HTTP SSH TCP DHCP; BSD-3-Clause license for JA4","JA4+ beyond JA4 is under FoxIO License 1.1 (not permissive for monetization); community database still being built; adoption not yet widespread; limited independent academic validation",Very High - authoritative specification for JA4 fingerprinting; directly relevant to ETTH's proposed fingerprinting method,"Empirical collision rates for JA4 across diverse application sets",Verified - FoxIO official blog
11,"Anderson, Blake; McGrew, David",2020,"Accurate TLS Fingerprinting using Destination Context and Approximate Matching","arXiv Preprint",https://arxiv.org/abs/2009.01939,anderson2020accurate,Area 2,"Solving JA3 collision problem by incorporating destination address port and server name into TLS fingerprinting; achieving high-accuracy process identification","Data from two geographically distinct sites and malware analysis sandbox; 50+ million real-world sessions per day",Enterprise TLS traffic malware sandbox traffic,TLS 1.2 TLS 1.3,"TLS fingerprint string destination IP address port server_name (SNI) equivalence classes for destination features",Destination-aware TLS fingerprinting (mercury),Weighted naive Bayes classifier,F1 score precision recall,"Destination context disambiguates processes matching same JA3 fingerprint; F1 > 0.99 for process identification; 99.9% precision and 88.7% recall for malware detection; approximate matching via edit distance achieves F1 0.90 for unknown fingerprints; knowledge base older than one month reduces performance","Requires well-curated fingerprint database; privacy concerns with destination tracking; open-source mercury tool has performance limitations; sandbox bias in malware data",High - demonstrates JA3 collision problem and proposes destination-context solution; relevant to ETTH's fingerprinting strategy,"Performance of destination-aware fingerprinting under ECH where SNI is encrypted",Verified - arXiv preprint
12,"IETF",2026,"TLS Encrypted Client Hello (ECH)","RFC 9849",https://www.rfc-editor.org/info/rfc9849,rfc9849,Area 2,"Standardizing Encrypted Client Hello extension to encrypt SNI and other sensitive ClientHello fields; preserving privacy while maintaining TLS security properties","Not applicable (standards document)",TLS 1.3 DTLS 1.3,TLS 1.3,"SNI ALPN and other ClientHello fields encrypted using HPKE; outer ClientHello contains dummy information",ECH (Encrypted Client Hello),Not applicable,Not reported,"SNI and ALPN encrypted in ClientHello; prevents on-path observers from learning target domain; supports anonymity sets; ECH considered insufficient alone to protect server identity (DNS IP address may still leak); downgrade resistance required","Does not protect against active attackers who can probe DNS or modify responses; ECH adoption depends on DNS-based configuration distribution; may complicate legitimate network security controls",Very High - directly impacts TLS visibility assumptions for ETTH; ECH removes SNI which is commonly used for classification,"ECH-aware threat hunting methods",Verified - IETF RFC 9849
13,"Cisco",2025,"Encrypted Client Hello (ECH) Defense Strategies","Cisco Secure Firewall Documentation",https://secure.cisco.com/secure-firewall/docs/encrypted-client-hello-defense-strategies-how-cisco-secure-firewall-tackles-ech,cisco2025ech,Area 2,"Operational analysis of ECH impact on network security controls; strategies for maintaining visibility despite ECH deployment","Not applicable (technical documentation; operational observations from Cisco SOC)",Enterprise network traffic with ECH-enabled clients,TLS 1.3,"Outer ClientHello visible fields; ECH server detection; process identification via TLS fingerprinting; DNS queries",Not reported,Cisco Encrypted Visibility Engine (EVE),Not reported,"ECH obscures SNI replacing it with generic CDN ECH domain; EVE can still fingerprint session via Outer ClientHello and TLS handshake characteristics identifying process (e.g., Firefox); DNS-over-HTTPS further limits visibility; three-layer defense: DNS control endpoint policies selective decryption","ECH adoption still low in observed conference traffic (33 matches); no clear technological solution for full visibility yet; vendor-specific capabilities may not transfer",High - operational perspective on ECH impact; demonstrates that fingerprinting Outer ClientHello still provides some visibility,"Quantitative measurement of ECH adoption rates and impact on existing IDS/IPS",Verified - Cisco Secure Firewall documentation
14,"Fu, Chuanpu; Li, Qi; Xu, Ke",2024,"Flow Interaction Graph Analysis: Unknown Encrypted Malicious Traffic Detection","IEEE/ACM Transactions on Networking",https://doi.org/10.1109/TNET.2024.3370851,fu2024hypervision,Area 3,"Detecting unknown encrypted malicious traffic without prior knowledge of attacks; overcoming limitations of supervised methods that rely on labeled datasets","92 real-world datasets including 48 encrypted attacks",Encrypted malicious and benign traffic,Not specified (real-world varied),"Flow interaction patterns graph structural features (connectivity sparsity statistics) per-flow packet feature sequences",Not reported,Unsupervised graph learning K-Means clustering,AUC F1 accuracy detection throughput,"HyperVision constructs compact in-memory graph of flow interaction patterns; detects abnormal interaction patterns without labeled attack data; achieves 0.92+ AUC and 0.86+ F1; 13.9% accuracy improvement over state-of-the-art; 15.82 Mpps detection throughput with 0.29s latency","Requires real-time graph construction; evaluation limited to specific attack types; graph density reduction may lose fine-grained information; unknown how well it generalizes to very large networks",High - demonstrates unsupervised flow-interaction analysis for unknown encrypted attacks; supports ETTH's behavioral metadata approach,"Applicability to TLS-specific flow features and JA4 fingerprints",Verified - DOI resolves to IEEE/ACM ToN
15,"Ramos, Fabian Martin; Wang, Xinyuan",2023,"Detecting Stealthy Cobalt Strike C&C Activities via Multi-Flow based Machine Learning","ICMLA 2023",https://people.cs.gmu.edu/~xwangc/Publications/ICMLA2023-CobaltStrikeMFMLDetect.pdf,ramos2023cobalt,Area 3,"Detecting encrypted Cobalt Strike HTTPS Beacon traffic from normal HTTPS traffic using multi-flow machine learning features; validating on real-world cyberattack traffic","Real-world Cobalt Strike C&C traffic captured from actual cyberattacks; lab-generated traffic with 29 Malleable C&C profiles",Encrypted HTTPS Beacon traffic and normal HTTPS traffic,TLS 1.2 (HTTPS),"Multi-flow features: nses cltmoredata clt1stappdata dur dur_mean dur_std int_mean int_std; derived from TLS session groups between two hosts",Not reported,Neural network (L-BFGS solver) Random Forest Naive Bayes,True positive rate false positive rate,"Neural network detects 90.9% of real-world Cobalt Strike C&C activities with 0.4% false positive rate; multi-flow features capture inherent Beacon characteristics; handles data jitter and sleep jitter; outperforms single-flow approaches","Only validated on Cobalt Strike; may not generalize to other C2 frameworks; requires multiple TLS sessions between hosts; neural network seed-dependent",High - demonstrates multi-flow behavioral feature extraction for encrypted C2 detection; relevant to ETTH's flow-level analysis,"Generalization of multi-flow features to other malware families and TLS 1.3",Verified - PDF available from GMU author page
16,"Martin Ramos, Fabian; Wang, Xinyuan",2022,"A Machine Learning Based Approach to Detect Stealthy Cobalt Strike C&C Traffic","Machine Learning and Knowledge Extraction (MLN)",https://people.cs.gmu.edu/~xwangc/Publications/MLN2022-CobaltStrikeMLDetect.pdf,martinramos2022cobalt,Area 3,"Detecting stealthy Cobalt Strike C&C traffic from encrypted traffic using flow-based features; validating on real-world attack traffic","Real-world Cobalt Strike C&C traffic from cyberattacks; lab-generated Beacon traffic",Encrypted HTTP/S Beacon traffic and normal traffic,TLS 1.2 (HTTPS),"Flow features: proto_index service_index history_index orig_bytes resp_bytes orig_pkts orig_ip_bytes resp_pkts resp_ip_bytes",Not reported,Random Forest Neural Network Naive Bayes SVM K-Means,Detection rate false positive rate F1 score,"Random forest detects ~50% of real-world Cobalt Strike traces with 1.4% FPR; first validation on real-world attack traffic; demonstrates feasibility of flow-based encrypted C2 detection","Low detection rate compared to later multi-flow approach; features can be modified by adversaries using proxies; limited to Cobalt Strike; requires careful feature selection",Supporting - earlier single-flow approach; provides baseline for comparison with multi-flow methods,"Robustness against proxy-based adversarial evasion",Verified - PDF available from GMU author page; cited as MLN 2022
17,"Zhang, Y.; et al.",2025,"Beaconing Detection in Encrypted Traffic: A SCADA-Based Hybrid Approach Using Zeek Metadata and Isolation Forest","ResearchGate / RS",https://doi.org/10.21203/rs.3.rs-8244495/v1,zhang2025beacon,Area 3,"Detecting Beacon behavior in encrypted SCADA/ICS traffic using only Zeek connection metadata without content inspection","Lab-generated legitimate and Beacon traffic in isolated SCADA environment",Encrypted HTTPS/TLS Beacon traffic and normal SCADA traffic,TLS 1.2 TLS 1.3,"Connection metadata: source-destination-port grouping inter-arrival times mean period standard deviation coefficient of variation (CV)",Not reported,Isolation Forest Random Forest LSTM,Accuracy,"Isolation Forest achieves 94.59% accuracy; CV < 0.2 threshold identifies low-jitter periodic flows; hybrid approach combining heuristic CV analysis and iForest; payload-independent detection suitable for real-time SCADA monitoring","Lab environment only; limited to SCADA context; LSTM computationally expensive; Beacon traffic generated in controlled setting may not reflect real-world jitter patterns",Supporting - demonstrates metadata-only beacon detection with Isolation Forest; relevant to ETTH's behavioral scoring component,"Generalization to enterprise networks beyond SCADA",Verified - DOI resolves to ResearchGate preprint
18,"Akem, A. T.-J.; Fraysse, G.; Fiore, M.",2024,"Real-Time Encrypted Traffic Classification in Programmable Networks with P4 and Machine Learning","International Journal of Network Management",https://doi.org/10.1002/nem.2320,akem2024realtime,Area 3,"Achieving line-rate encrypted traffic classification in programmable switches using tree-based ML; using only packet size and IAT features unaffected by encryption","ISCXVPN2016 NIMS IMA Netflow QUIC datasets",Encrypted VPN QUIC instant messaging traffic,TLS 1.2 QUIC,"Packet size and Inter-Arrival Time (IAT) statistics: max min total mean median std dev quantile skew kurtosis current packet size",Not reported,Random Forest XGBoost,Accuracy,"In-switch RF achieves 87.2-95.3% accuracy; consumes <10% of switch hardware resources; sub-microsecond delay; tree-based models excel at encrypted traffic classification using only size and timing features","Limited to features computable in switch data plane; QUIC accuracy varies by dataset; requires offline model training and encoding into P4; not all feature types available in switch",Supporting - demonstrates that packet size and IAT features alone are effective for encrypted traffic classification; relevant to ETTH's feature selection,"Applicability of in-switch constraints to ETTH's offline/slow-path model",Verified - DOI resolves to IJNM article
19,"Garcia, J.; Korhonen, T.; Andersson, R.; Vastlund, F.",2018,"Efficient Distribution-Derived Features for High-Speed Encrypted Flow Classification","ACM SIGCOMM Workshop on Network Meets AI & ML (NetAI)",https://doi.org/10.1145/3229543.3229548,garcia2018efficient,Area 3,"Evaluating histogram-based distribution features (KSD) for encrypted flow classification; comparing with statistical moments and uniform binning","Live cellular network traces (2.1B packets / 834M after filtering / 10M flows); synthetic Gaussian and Beta mixture data",Encrypted video and VoIP traffic from cellular network,TLS (implied by encrypted flow context),"Packet size and inter-arrival time distribution features: basic stats (min/mean/max) moments (std dev variance skew kurtosis) histogram bins (linear probabilistic MDLP KSD)",Not reported,Random Forest,ROC-AUC Jensen-Shannon distance,"Adaptive KSD discretization outperforms uniform and probabilistic binning; histogram-based features improve on statistical moments for classification; better runtime performance than higher-order moments; packet count significantly impacts performance","Synthetic data may not reflect real-world complexity; limited to cellular network context; evaluation focuses on video/VoIP only",Supporting - provides evidence that distribution-derived packet size and IAT features are effective for encrypted flow classification,"KSD features for broader application categories beyond video/VoIP",Verified - DOI resolves to ACM NetAI 2018
20,"Wickramasinghe, Nimesha; Shaghaghi, Arash; Tsudik, Gene; Jha, Sanjay",2025,"SoK: Decoding the Enigma of Encrypted Network Traffic Classifiers","IEEE Symposium on Security and Privacy (S&P)",https://doi.org/10.1109/SP61157.2025.00165,wickramasinghe2025sok,Area 4,"Systematizing ML-based NTC studies; identifying pitfalls in dataset choices design decisions and assumptions; evaluating state-of-the-art classifiers","CipherSpectrum dataset (new) plus public datasets (ISCXVPN2016 USTC-TFC2016 etc.)",Encrypted network traffic,TLS 1.2 TLS 1.3,"Raw packet bytes flow features; occlusion of SNI cipher info IP addresses TCP headers; per-flow vs per-packet splits",Various SOTA classifiers (ET-BERT YaTC etc.),Accuracy (348 occlusion experiments),"Many proposed encrypted traffic classifiers mistakenly use unencrypted traffic due to legacy datasets; SNI data leakage causes overfitting; per-packet split enables flow-ID shortcuts; frozen encoder evaluation reveals representation learning failures; TLS 1.3 datasets often contain deprecated cipher suites","Scope limited to raw-information-based NTC (excludes side-channel and multimodal methods); CipherSpectrum focuses on cipher-agnostic classification; some findings may not apply to flow-feature-based methods",Very High - critical systematization revealing dataset bias overfitting and design flaws in NTC; directly relevant to ETTH's methodology design,"Robust evaluation methodology for ETTH's own classifiers",Verified - DOI resolves to IEEE S&P 2025
21,"Malekghaini, Navid; Akbari, Elham; Salahuddin, Mohammad; Limam, Noura; Boutaba, Raouf; Mathieu, Bertrand; Moteau, Stephanie; Tuffin, Stephane",2022,"Data Drift in DL: Lessons Learned From Encrypted Traffic Classification","IFIP Networking Conference",https://dl.ifip.org/index.html/db/conf/networking/networking2022/1570792477.pdf,malekghaini2022data,Area 4,"Studying data drift effects on deep learning encrypted traffic classifiers; proposing architectural adaptations for robustness across datasets and time","Multiple datasets of real-world network traffic from major ISP (different collection times)",Encrypted web traffic (HTTPS HTTP/2 QUIC),TLS 1.2 TLS 1.3 QUIC,"Flow time-series features TLS header bytes flow statistics",Deep learning (CNN LSTM),Accuracy,"Model performance degrades when trained on old data and tested on new data; traffic shape model more resilient to drift than TLS header model; application-layer protocol selection affects robustness; adapted architecture improves convergence on new datasets","Manual adaptation approach; automatic parameter selection needed; QUIC evaluation limited; drift detection not fully automated",High - directly addresses concept drift for encrypted traffic DL models; relevant to ETTH's model maintenance strategy,"Automatic drift adaptation for ETTH's explainable ML pipeline",Verified - PDF available via IFIP
22,"Singh, Kalindi; Kashyap, Aayush; Cherukuri, Aswani Kumar",2025,"Interpretable Anomaly Detection in Encrypted Traffic","arXiv Preprint",https://arxiv.org/abs/2505.16261,singh2025interpretable,Area 4,"Developing interpretable ML framework for anomaly detection in encrypted traffic using SHAP explainability with XGBoost Random Forest and Isolation Forest","CIC-Darknet2020 USTC-TFC2016 CSE-CIC-IDS2018",Encrypted traffic (Tor malware botnet DDoS etc.),TLS 1.2 TLS 1.3 (implied),"Flow-based features from CICFlowMeter: packet counts byte counts port IATs flow duration etc.",XGBoost Random Forest Isolation Forest with SHAP,Accuracy precision recall F1-score SHAP explanations,"XGBoost achieves 99.94% peak accuracy; SHAP reveals most influential traffic features per attack class; model-agnostic framework works across multiple encrypted traffic datasets; feature importance varies by attack type","Limited to three datasets; real-time deployment not evaluated; adversarial conditions not tested; SHAP computation overhead for high-throughput networks",High - demonstrates XGBoost + SHAP for encrypted traffic anomaly detection; relevant to ETTH's explainable ML component,"Real-time SHAP computation for ETTH's scoring pipeline",Verified - arXiv preprint
23,"Grabowski, Adam; Xu, Shengjie",2025,"Explainable AI for Forensic Analysis: A Comparative Study of SHAP and LIME in Intrusion Detection Models","Applied Sciences (MDPI)",https://doi.org/10.3390/app15137329,grabowski2025explainable,Area 4,"Comparing SHAP and LIME for explaining XGBoost and TabNet intrusion detection models; evaluating explanation fidelity consistency and forensic relevance","UNSW-NB15",Network intrusion traffic (Normal DoS Reconnaissance etc.),Not specified,"Flow features from UNSW-NB15: duration protocol service state etc.",XGBoost TabNet with SHAP and LIME,Accuracy AUC fidelity consistency Jaccard,"SHAP provides coherent global explanations and is superior for forensic reporting; LIME offers rapid local explanations for incident response; complementary use recommended; SHAP prioritizes validation and auditing LIME suits exploratory analysis","Limited to two model types; explanation stability under adversarial perturbation not fully tested; computational overhead for LIME at scale",Supporting - provides forensic XAI methodology for IDS; relevant to ETTH's explainable threat scoring design,"XAI methods specifically for TLS-fingerprint-based decisions",Verified - DOI resolves to MDPI Applied Sciences
24,"Ugurlu, Mesut; Dogru, Ibrahim Alper; Arslan, Recep Sinan",2021,"A new classification method for encrypted internet traffic using machine learning","Turkish Journal of Electrical Engineering and Computer Sciences",https://journals.tubitak.gov.tr/cgi/viewcontent.cgi?article=1057&context=elektrik,ugurlu2021classification,Area 4,"Classifying encrypted internet traffic using XGBoost Decision Tree and Random Forest without decryption; comparing model performance across scenarios","ISCX VPN-NonVPN dataset",Encrypted VPN and non-VPN traffic (Audio Chat Email File Transfer P2P Streaming VoIP),TLS 1.2 (implied by dataset),"Packet sizes round-trip times flow durations byte counts packet counts",Not reported,XGBoost Decision Tree Random Forest,Accuracy precision recall F1-measure,"XGBoost achieves 94.53% accuracy for non-VPN encrypted traffic; outperforms Decision Tree and Random Forest; VoIP class detected with near-100% accuracy; streaming and chat classes more challenging; VPN encryption reduces accuracy by ~4%","Limited to 5 traffic classes; ISCX dataset has known issues; XGBoost hyperparameter tuning via GridSearchCV only; no evaluation on modern TLS 1.3 traffic",Supporting - demonstrates XGBoost effectiveness for encrypted traffic classification using simple flow features,"Performance on TLS 1.3 with ECH",Verified - TUBITAK journal article
25,"Zhang, H.; et al.",2022,"Deep-Forest-Based Encrypted Malicious Traffic Detection","Electronics (MDPI)",https://doi.org/10.3390/electronics11070977,zhang2022deepforest,Area 4,"Detecting SSL/TLS-encrypted malicious traffic with small-scale and unbalanced training data using deep-forest framework","Custom SSL/TLS encrypted malicious traffic dataset (Dataset 1)",SSL/TLS-encrypted malicious traffic (9 classes),TLS 1.2 TLS 1.3 (implied),"Traffic images generated from session byte sequences (first N bytes of session)",Deep forest (CaForest) integrating Random Forest Extra Trees XGBoost,Detection rate false alarm rate accuracy,"DF-IDS (CaForest with RF + Extra Trees 20 trees each) achieves 94.9% accuracy and 94.4% M-DR with 0.70% M-FAR on 9-class classification; outperforms DL baselines on small-scale unbalanced data; avoids overfitting without requiring large datasets","Dataset not publicly available; limited to 9 classes; traffic image size sensitivity; comparison limited to specific DL baselines",Supporting - demonstrates tree-ensemble approach for encrypted malicious traffic with limited data; relevant to ETTH's model selection,"Generalization to larger and more diverse malicious traffic datasets",Verified - DOI resolves to MDPI Electronics
26,"Zhao, Yuqi; Dettori, Giovanni; Boffa, Matteo; Vassio, Luca; Mellia, Marco",2025,"The Sweet Danger of Sugar: Debunking Representation Learning for Encrypted Traffic Classification","arXiv Preprint",https://arxiv.org/abs/2507.16438,zhao2025sugar,Area 5,"Critically reassessing representation learning models for encrypted traffic classification; identifying data preparation problems that cause spurious performance improvements","Public encrypted traffic datasets (TLS-120 VPN-app etc.)",Encrypted traffic (TLS VPN app classification),TLS 1.2 TLS 1.3,"Raw packet bytes; per-packet vs per-flow splits; frozen vs unfrozen encoders; header fields (IP TCP)",Representation learning models (BERT-based T5-based Pcap-Encoder),Accuracy,"Pre-trained representation learning models perform poorly with frozen encoders (<30% accuracy); reported high accuracy relies on per-packet data leakage and unfrozen encoders; Pcap-Encoder is only model providing instrumental representation but complexity questions practicality; per-packet split allows flow-ID shortcuts","Benchmark limited to specific datasets and tasks; Pcap-Encoder computational cost high; frozen encoder paradigm may be too strict; some representation learning may still be useful with proper evaluation",High - critical analysis of representation learning pitfalls; directly relevant to ETTH's model evaluation methodology,"Proper evaluation methodology for ETTH's own classifiers",Verified - arXiv preprint
27,"Wang, Chuyi; Xie, Xiaohui; Wang, Tongze; Cui, Yong",2026,"Bias in the Shadows: Explore Shortcuts in Encrypted Network Traffic Classification","arXiv Preprint",https://arxiv.org/abs/2601.10180,wang2025bias,Area 5,"Detecting dataset-specific shortcut features in encrypted network traffic classification; proposing BiasSeeker framework for model-agnostic data-driven shortcut detection","19 public datasets across VPN malware and encrypted application classification tasks",Encrypted network traffic (VPN malware apps),TLS 1.2 TLS 1.3 (implied),"Raw binary traffic features; statistical correlation analysis on raw bytes",BiasSeeker (statistical correlation analysis),Not reported,Not reported,"Shortcut features are dataset- and context-dependent not universally harmful; SNI may be valid in app identification but fragile in malware detection; feature selection must be scenario-sensitive; BiasSeeker detects spurious environment-entangled features across 19 datasets","Model-agnostic but data-centric only; does not provide model-level mitigation; evaluation limited to specific datasets; shortcut taxonomy may not cover all cases",High - addresses dataset bias and shortcut learning; directly relevant to ETTH's feature selection and evaluation rigor,"Context-aware feature selection for ETTH's JA4 + flow feature fusion",Verified - arXiv preprint
28,"Malekghaini, Navid; et al.",2025,"Drift-Based Dataset Stability Benchmark","arXiv Preprint",https://arxiv.org/abs/2512.23762,malekghaini2025drift,Area 5,"Proposing dataset stability benchmarking methodology for encrypted traffic ML models; introducing MFWDD drift detection method","CESNET-TLS-Year22 dataset",Encrypted TLS traffic,TLS 1.2 TLS 1.3,"Flow features (SPLT BD) TLS handshake metadata; model feature weights",MFWDD (Model-based Feature Weight Drift Detection) XGBoost,Drift detection accuracy stability metrics,"Proposes unified workflow for dataset stability benchmarking; MFWDD detects model obsoletion in supervised and unsupervised scenarios; SPLT features show many data drifts over long periods; basic XGBoost with SPLT not stable over time","Methodology complexity; requires long-term dataset; automatic drift type identification not implemented; optimization suggestions manual",Supporting - provides drift detection and dataset stability methodology; relevant to ETTH's long-term model maintenance,"Automated drift adaptation for ETTH's explainable ML pipeline",Verified - arXiv preprint
